im_name	xmin_coord	ymin_coord	xmax_coord	ymax_coord	predicted	conf
2022_02_28_3pT0NyBsCP3ar1oxePztKJvGzlSAttTUophc683M	338	236	363	288	kirkland	0.8445123434066772
2022_02_28_3pT0NyBsCP3ar1oxePztKJvGzlSAttTUophc683M	80	347	200	496	corona	0.46748027205467224
2022_04_01_FULd0ipVCmUnZmgyqQe5PcrJla1m1SP7361vGg5e	227	366	342	443	gatorade	0.957683265209198
2022_04_01_FULd0ipVCmUnZmgyqQe5PcrJla1m1SP7361vGg5e	67	440	232	609	corona	0.9238728284835815
2022_01_14_r5FbF4CEARs6xTrIWe5gGjfGaKqnCTxBTBQ3DhG1	269	364	401	578	corona	0.9459289908409119
2022_01_14_r5FbF4CEARs6xTrIWe5gGjfGaKqnCTxBTBQ3DhG1	466	77	601	175	coca_cola	0.9286778569221497
2022_01_14_r5FbF4CEARs6xTrIWe5gGjfGaKqnCTxBTBQ3DhG1	90	389	181	596	corona	0.8875977993011475
2022_01_14_r5FbF4CEARs6xTrIWe5gGjfGaKqnCTxBTBQ3DhG1	269	50	323	163	red_bull	0.7100850343704224
2022_01_14_r5FbF4CEARs6xTrIWe5gGjfGaKqnCTxBTBQ3DhG1	409	129	464	170	red_bull	0.5508408546447754
2019_11_02_wMNROA1s5sTr5KTjYjHHRTeYfyDaIOFFruWJGq7O	91	2	561	459	reeses	0.7517898678779602
2020_02_01_UMMTbuMWbCcz97loDwZzVTrzqHE7pG0DIvQ1nTwc	69	355	480	625	cheetos	0.40943703055381775
2022_02_18_J3FbBUT2kpdgkFLmaI3WLXCTlZTB1Uv0YDllMiML	151	34	228	129	corona	0.9223756194114685
2022_02_18_J3FbBUT2kpdgkFLmaI3WLXCTlZTB1Uv0YDllMiML	422	358	463	400	corona	0.9056591391563416
2022_02_18_J3FbBUT2kpdgkFLmaI3WLXCTlZTB1Uv0YDllMiML	296	422	401	585	corona	0.8848799467086792
2022_02_18_J3FbBUT2kpdgkFLmaI3WLXCTlZTB1Uv0YDllMiML	482	349	591	482	corona	0.8725093007087708
2022_02_18_J3FbBUT2kpdgkFLmaI3WLXCTlZTB1Uv0YDllMiML	93	226	176	323	corona	0.802640438079834
2022_02_18_J3FbBUT2kpdgkFLmaI3WLXCTlZTB1Uv0YDllMiML	549	16	634	118	corona	0.786456286907196
2022_02_18_J3FbBUT2kpdgkFLmaI3WLXCTlZTB1Uv0YDllMiML	356	12	454	128	corona	0.5691387057304382
2022_02_18_J3FbBUT2kpdgkFLmaI3WLXCTlZTB1Uv0YDllMiML	447	27	526	146	corona	0.5423386693000793
2022_02_18_J3FbBUT2kpdgkFLmaI3WLXCTlZTB1Uv0YDllMiML	267	55	351	167	corona	0.5247740149497986
2022_02_18_J3FbBUT2kpdgkFLmaI3WLXCTlZTB1Uv0YDllMiML	212	441	316	638	corona	0.40409961342811584
2022_02_18_J3FbBUT2kpdgkFLmaI3WLXCTlZTB1Uv0YDllMiML	416	379	515	551	corona	0.32785603404045105
2022_02_18_J3FbBUT2kpdgkFLmaI3WLXCTlZTB1Uv0YDllMiML	44	397	135	482	pepsi	0.2944616973400116
2022_02_18_J3FbBUT2kpdgkFLmaI3WLXCTlZTB1Uv0YDllMiML	42	393	151	508	pepsi	0.27658891677856445
2019_11_03_yklUZtntxVJh5Ib4ymZ83Sa9VweDe9yLUBu0TUFE	232	187	429	456	starbucks	0.9477388262748718
2022_05_23_SYDlhhunRX3vKabLrt7aygHztWVWbtRbPGObxEjm	172	232	398	513	michelob	0.5292786955833435
2022_02_25_rVxCY9mRfYm28c7cNIq4r5ngF9PsDWNVykme4vHB	242	259	398	378	seven_eleven	0.9368466138839722
2022_02_25_WYY5fziEo3noy7SlTmiEcFGddVl6P87Cif4S7Dwb	301	304	337	332	great_value	0.8131350874900818
2019_11_30_CZryaOuk5AnkAhZDmjXA6PPWvwhGQN9Vr3tWuEiI	198	194	433	428	coca_cola	0.7857432961463928
2022_07_20_hDGqJscaCZ8TnWD7abp02uizrYqWwC5ppji41k71	271	260	390	416	fireball	0.9376779794692993
2022_02_20_lf2FovmSkkV3d5tUoAS3Uiacl8BSAvorCCgMV88X	374	160	542	409	pepsi	0.9475783705711365
2022_02_20_lf2FovmSkkV3d5tUoAS3Uiacl8BSAvorCCgMV88X	95	378	168	485	nestle_pure_life	0.5358461141586304
2022_02_20_J21MggCi3kYLyJUekvvIxahkAM32TeUSpMp7ntjE	263	371	320	452	gatorade	0.9674468636512756
2022_02_20_J21MggCi3kYLyJUekvvIxahkAM32TeUSpMp7ntjE	70	384	121	479	gatorade	0.9503507018089294
2022_02_20_J21MggCi3kYLyJUekvvIxahkAM32TeUSpMp7ntjE	525	319	586	400	gatorade	0.9146175384521484
2022_02_20_J21MggCi3kYLyJUekvvIxahkAM32TeUSpMp7ntjE	391	383	443	463	gatorade	0.910904586315155
2022_02_20_J21MggCi3kYLyJUekvvIxahkAM32TeUSpMp7ntjE	136	418	248	518	kirkland	0.4418849050998688
2022_02_20_J21MggCi3kYLyJUekvvIxahkAM32TeUSpMp7ntjE	135	419	248	518	powerade	0.36037540435791016
2022_03_01_RaW06BQRJY0lI2WoqBjNK4gFGbuagLU1bnI6mYST	186	430	252	525	cheetos	0.9222272038459778
2021_12_22_RBA3UZA5Wp28mF19IVR1Kle9ZyFznmDVW7hGqYUU	398	64	430	194	bud_light	0.897194504737854
2021_12_22_RBA3UZA5Wp28mF19IVR1Kle9ZyFznmDVW7hGqYUU	244	410	315	549	corona	0.8756951689720154
2021_12_22_RBA3UZA5Wp28mF19IVR1Kle9ZyFznmDVW7hGqYUU	536	215	596	369	heineken	0.8252576589584351
2021_12_22_RBA3UZA5Wp28mF19IVR1Kle9ZyFznmDVW7hGqYUU	458	143	517	227	bud_light	0.720067024230957
2021_12_22_RBA3UZA5Wp28mF19IVR1Kle9ZyFznmDVW7hGqYUU	34	467	60	534	gatorade	0.6166235208511353
2021_12_22_RBA3UZA5Wp28mF19IVR1Kle9ZyFznmDVW7hGqYUU	320	440	368	549	corona	0.5907652378082275
2021_12_22_RBA3UZA5Wp28mF19IVR1Kle9ZyFznmDVW7hGqYUU	65	362	97	428	gatorade	0.4633549749851227
2021_12_22_RBA3UZA5Wp28mF19IVR1Kle9ZyFznmDVW7hGqYUU	35	205	66	261	modelo	0.3969736695289612
2022_03_11_3IIxk6EMH9n7Un7xYwsPtTCwBPJM4e16TkiehifB	153	80	263	199	cheetos	0.9325960278511047
2022_03_11_3IIxk6EMH9n7Un7xYwsPtTCwBPJM4e16TkiehifB	423	489	484	540	mcdonalds	0.3785204291343689
2022_03_11_3IIxk6EMH9n7Un7xYwsPtTCwBPJM4e16TkiehifB	423	489	483	540	seven_eleven	0.3507930040359497
2022_12_29_VCis1wMirv1qX42RfHo9Kid2MrlSxvdp1KL5Z8m0	265	183	417	458	natural_light	0.8497904539108276
2019_02_09_ELhrIs2iRRxoO6gDBOhTF15oCxnVrk6B1ibIDHGK	177	188	472	481	dr_pepper	0.808329701423645
2019_02_09_ELhrIs2iRRxoO6gDBOhTF15oCxnVrk6B1ibIDHGK	175	185	480	482	doritos	0.7462182641029358
112_YrOvZUmj9vf1mk1HaMilxHHUwhYdKadYdgVefWGc	256	123	380	262	corona	0.27404457330703735
2018_09_13_xOkZ1jG0K3VGClsEKpFuAuAxda9mZYbGDqYWee5B	164	268	337	346	fanta	0.27640414237976074
2022_02_10_YAdqfkl2NaOGYlYL2oRsR5TolDR2X0sovGAXo8RD	485	226	581	445	stella	0.7373636960983276
2022_02_10_YAdqfkl2NaOGYlYL2oRsR5TolDR2X0sovGAXo8RD	214	222	277	359	coca_cola	0.5251757502555847
2022_02_10_YAdqfkl2NaOGYlYL2oRsR5TolDR2X0sovGAXo8RD	61	213	138	327	starbucks	0.3369646370410919
2022_01_15_uSr5vTATx1y9r91iBDLMzZkqCJhWtZmrVFe7IVNy	512	282	566	321	gatorade	0.8916483521461487
2022_01_15_uSr5vTATx1y9r91iBDLMzZkqCJhWtZmrVFe7IVNy	23	511	110	572	red_bull	0.880142092704773
2022_01_15_uSr5vTATx1y9r91iBDLMzZkqCJhWtZmrVFe7IVNy	112	406	167	454	red_bull	0.8796496987342834
2022_01_15_uSr5vTATx1y9r91iBDLMzZkqCJhWtZmrVFe7IVNy	135	225	240	293	heineken	0.8322377800941467
2022_01_15_uSr5vTATx1y9r91iBDLMzZkqCJhWtZmrVFe7IVNy	278	190	414	247	heineken	0.7946023941040039
2022_01_15_uSr5vTATx1y9r91iBDLMzZkqCJhWtZmrVFe7IVNy	504	512	593	581	fanta	0.7410483360290527
2022_01_15_uSr5vTATx1y9r91iBDLMzZkqCJhWtZmrVFe7IVNy	236	0	398	73	heineken	0.7159122824668884
2022_01_15_uSr5vTATx1y9r91iBDLMzZkqCJhWtZmrVFe7IVNy	240	389	412	475	heineken	0.7085347175598145
2022_01_15_uSr5vTATx1y9r91iBDLMzZkqCJhWtZmrVFe7IVNy	216	523	308	605	doritos	0.6921757459640503
2022_01_15_uSr5vTATx1y9r91iBDLMzZkqCJhWtZmrVFe7IVNy	40	12	190	83	heineken	0.5155282020568848
2022_01_15_uSr5vTATx1y9r91iBDLMzZkqCJhWtZmrVFe7IVNy	236	0	337	72	heineken	0.42735645174980164
2022_01_15_uSr5vTATx1y9r91iBDLMzZkqCJhWtZmrVFe7IVNy	484	24	635	95	heineken	0.28709766268730164
2022_01_15_uSr5vTATx1y9r91iBDLMzZkqCJhWtZmrVFe7IVNy	338	0	397	73	heineken	0.2546965479850769
2021_12_31_zohihdHoCmEZMU4cEe7NLE30xY4mqAIkP9wzfQ6N	29	87	147	180	doritos	0.9049639701843262
2021_12_31_zohihdHoCmEZMU4cEe7NLE30xY4mqAIkP9wzfQ6N	244	499	294	605	corona	0.7290225028991699
2021_12_31_zohihdHoCmEZMU4cEe7NLE30xY4mqAIkP9wzfQ6N	490	90	548	144	corona	0.6552560925483704
2021_12_31_zohihdHoCmEZMU4cEe7NLE30xY4mqAIkP9wzfQ6N	550	41	607	111	corona	0.6492119431495667
2021_12_31_zohihdHoCmEZMU4cEe7NLE30xY4mqAIkP9wzfQ6N	140	453	204	551	corona	0.6265917420387268
2021_12_31_zohihdHoCmEZMU4cEe7NLE30xY4mqAIkP9wzfQ6N	341	255	368	286	corona	0.568615734577179
2021_12_31_zohihdHoCmEZMU4cEe7NLE30xY4mqAIkP9wzfQ6N	276	322	317	372	bud_light	0.5088578462600708
2021_12_31_zohihdHoCmEZMU4cEe7NLE30xY4mqAIkP9wzfQ6N	367	61	425	149	corona	0.4342740476131439
2021_12_31_zohihdHoCmEZMU4cEe7NLE30xY4mqAIkP9wzfQ6N	473	277	498	302	corona	0.4143783748149872
2021_12_31_zohihdHoCmEZMU4cEe7NLE30xY4mqAIkP9wzfQ6N	428	64	486	154	corona	0.4009283483028412
2021_12_31_zohihdHoCmEZMU4cEe7NLE30xY4mqAIkP9wzfQ6N	349	494	374	605	corona	0.29274770617485046
2023_03_19_eeimRuHVM0pSN1ki2anJ3dPuv9VVL9n5RIsc1FVG	322	228	489	378	corona	0.509856641292572
2022_01_15_5sPg6oEzxedo16xdvhHEp8ba46JmTYXbQgnGLRMn	157	192	242	323	gatorade	0.9609520435333252
2022_01_15_5sPg6oEzxedo16xdvhHEp8ba46JmTYXbQgnGLRMn	46	298	201	586	corona	0.8542237877845764
2022_01_15_5sPg6oEzxedo16xdvhHEp8ba46JmTYXbQgnGLRMn	417	60	572	329	monster	0.7505033612251282
2022_02_27_jcYJ2s2N4w3biYLARbJ7TkdRdSrhBqp1d7XW37YF	245	322	306	375	corona	0.6762703657150269
2022_02_27_jcYJ2s2N4w3biYLARbJ7TkdRdSrhBqp1d7XW37YF	245	322	306	375	heinz	0.5086784958839417
2019_10_12_siRtO99tfPBeihh4Sfz5e9vY9Yfv4ZGG5UeSE59Q	166	172	425	456	white_claw	0.750379741191864
2019_10_12_siRtO99tfPBeihh4Sfz5e9vY9Yfv4ZGG5UeSE59Q	166	168	425	455	starbucks	0.3431692123413086
2022_03_02_ducIUpMkeUl6pf3Kah6UrqQ1JiTz2WLLteFo7pJO	206	204	440	445	coors	0.6896854639053345
2022_03_02_ducIUpMkeUl6pf3Kah6UrqQ1JiTz2WLLteFo7pJO	474	460	603	584	corona	0.5437600016593933
2022_07_08_o3V4K3O4MprGpepak3EMoMrSx3vzbCgGFq04oREa	283	281	355	358	heinz	0.9485641121864319
2021_12_29_gEyFz9K8N1VmQFeQWgISxzuAUpDxIGVHRWOb2P9o	295	270	346	367	dunkin	0.30177605152130127
2019_11_03_9YmdmPaNHdnuZ4bOp6yZ52CkC7dTalRuwKKxGpeS	80	225	392	421	natural_light	0.4278985261917114
2021_10_06_7PhddMBNvgvEyOfHws73yZiNwalH5odp8YyHkOmK	253	263	384	377	gatorade	0.9217080473899841
2022_11_01_WKBQxqVb7g8P6KJMmn1RCiM2OT3Qsxh0N8sK5iLp	246	276	382	380	cheetos	0.9582362174987793
2022_10_01_ynt1C9X6vIbSEk34pr9md8yj6wfnIAwP0tvjQq3m	91	159	509	481	snickers	0.8776670098304749
2022_07_26_BnCIz5FgwWtPcMXZsp8uLT4QLFv1GT2IgOiznYER	437	370	592	578	corona	0.46613818407058716
2022_02_21_rEKdUDSvHgQ5owKYRAEz4XTvoCW5QPMmAK70FNQF	204	277	431	363	dunkin	0.5600259304046631
2022_02_21_rEKdUDSvHgQ5owKYRAEz4XTvoCW5QPMmAK70FNQF	204	277	433	363	burger_king	0.5460975170135498
2021_04_04_IMG_8771	234	228	411	407	coca_cola	0.8945814967155457
2022_07_15_MqcFhqTcpn7M0JYeXWBhLx7GkYRSOD9rwVmhMQcw	207	243	426	380	doritos	0.9210387468338013
2022_02_16_fqEGvopwhJ2NcGiFPRej1Dx9NXprzD38g80QQtm7	25	352	101	423	heineken	0.8612209558486938
2021_05_27_qQwrAjpKkyvYwmOflb1KvXfnYTXz1fUiZqeVgCJn	256	267	384	384	aquafina	0.922554612159729
2022_02_23_hVflLjuGT5MXGYIQEaR9GLYFrrz8aNnsaOz206u8	127	293	189	364	corona	0.8451412916183472
2022_02_23_hVflLjuGT5MXGYIQEaR9GLYFrrz8aNnsaOz206u8	326	302	436	547	heineken	0.6934767961502075
2021_02_21_Noqqa7RJ7hAGtDNoZ9YTGXhENe7fyImFg8HKAWZi	149	157	452	464	dunkin	0.8100292682647705
2021_02_21_Noqqa7RJ7hAGtDNoZ9YTGXhENe7fyImFg8HKAWZi	159	159	365	458	dunkin	0.3397458791732788
2018_09_27_2u2AysP50r8xv2ujqZSrwtGF7HZ1fFB8lykXVRRz	120	431	231	492	aquafina	0.9491878747940063
2018_09_27_2u2AysP50r8xv2ujqZSrwtGF7HZ1fFB8lykXVRRz	267	448	359	508	aquafina	0.8958616256713867
2018_09_27_2u2AysP50r8xv2ujqZSrwtGF7HZ1fFB8lykXVRRz	46	486	114	540	aquafina	0.8918333053588867
2018_09_27_2u2AysP50r8xv2ujqZSrwtGF7HZ1fFB8lykXVRRz	382	440	473	507	aquafina	0.7955407500267029
2018_09_27_2u2AysP50r8xv2ujqZSrwtGF7HZ1fFB8lykXVRRz	243	93	308	153	aquafina	0.6080896258354187
2018_09_27_2u2AysP50r8xv2ujqZSrwtGF7HZ1fFB8lykXVRRz	489	442	599	550	niagara	0.4926632046699524
2018_09_27_2u2AysP50r8xv2ujqZSrwtGF7HZ1fFB8lykXVRRz	317	83	358	151	aquafina	0.3704930543899536
2018_09_27_dcrI2I3q0zF6nLUiLzcK1rK4FL3Pv3XyBXuiIuqf	290	153	375	271	gatorade	0.9240522980690002
2018_09_27_dcrI2I3q0zF6nLUiLzcK1rK4FL3Pv3XyBXuiIuqf	472	90	570	219	fanta	0.6684720516204834
2018_09_27_dcrI2I3q0zF6nLUiLzcK1rK4FL3Pv3XyBXuiIuqf	274	309	386	471	niagara	0.5822364091873169
2018_09_27_dcrI2I3q0zF6nLUiLzcK1rK4FL3Pv3XyBXuiIuqf	89	356	187	541	dasani	0.5066638588905334
112_DPYtv1yQFnTaKIKmDztapMaKtASBq6wefhkX6IeU	240	273	397	372	coca_cola	0.9149894714355469
2022_07_25_wm7uTCce2DRJjwsh1PzAzcZsJ9sKe6jhe9t6FWvN	273	273	370	368	cheetos	0.9385058283805847
2019_10_31_sliSPPwhW5S5LrZV8SQDnnYNqceKrPgN7m7XjE2M	158	227	450	469	dunkin	0.8814781308174133
2019_10_31_sliSPPwhW5S5LrZV8SQDnnYNqceKrPgN7m7XjE2M	176	96	521	355	red_bull	0.5558539032936096
2022_02_28_yfRPt9dy7U9F0Jyv1fYfTcP2DuCsQd0EkdzkkOHB	222	237	415	421	dunkin	0.925041139125824
2022_04_27_hiuJwHtbypbK157mSzwOV9InmsLRowLbwCnpP33e	147	197	240	307	nestle_pure_life	0.8193643689155579
2022_04_27_hiuJwHtbypbK157mSzwOV9InmsLRowLbwCnpP33e	185	139	488	477	amstel_light	0.7198166251182556
2020_08_28_S7tAC75201qcGBl75JUYA89I9wKIgt6kRBAJbkx7	318	231	432	346	dr_pepper	0.8637686967849731
2022_03_01_3PqC0BBBjbKDOPdxh6PLDy86lrWNY8rpwAxINRrW	107	506	265	582	seven_eleven	0.9508088231086731
2022_03_01_3PqC0BBBjbKDOPdxh6PLDy86lrWNY8rpwAxINRrW	461	125	546	169	niagara	0.7763645648956299
2022_03_01_3PqC0BBBjbKDOPdxh6PLDy86lrWNY8rpwAxINRrW	101	58	187	131	deer_park	0.6510463953018188
2021_07_29_1ffhPADwBbaBhusxGVdxMoMsMGMDiHUdfqYkj0zA	281	286	359	349	kirkland	0.863352358341217
2022_01_19_WOActSVIxJ8bxZRUehdNHCC71lEf5Pti06CKdZzY	46	64	99	180	bud_light	0.9179450869560242
2022_01_19_WOActSVIxJ8bxZRUehdNHCC71lEf5Pti06CKdZzY	428	389	476	457	starbucks	0.8977868556976318
2022_01_19_WOActSVIxJ8bxZRUehdNHCC71lEf5Pti06CKdZzY	518	101	586	181	mccafe	0.8814584016799927
2022_01_19_WOActSVIxJ8bxZRUehdNHCC71lEf5Pti06CKdZzY	314	336	421	620	corona	0.8759225606918335
2022_01_19_WOActSVIxJ8bxZRUehdNHCC71lEf5Pti06CKdZzY	214	378	300	603	corona	0.5908275842666626
2022_01_19_WOActSVIxJ8bxZRUehdNHCC71lEf5Pti06CKdZzY	232	68	270	134	bud_light	0.5824670195579529
2022_01_19_WOActSVIxJ8bxZRUehdNHCC71lEf5Pti06CKdZzY	493	336	608	552	corona	0.556476891040802
2022_01_19_WOActSVIxJ8bxZRUehdNHCC71lEf5Pti06CKdZzY	334	340	376	395	heineken	0.42408257722854614
2022_03_01_WN0VCWJZFfT9Cnt7ZvN5rOdXwq19iRtBUrmcZ1eb	54	404	146	549	amstel_light	0.9429029822349548
2022_03_01_WN0VCWJZFfT9Cnt7ZvN5rOdXwq19iRtBUrmcZ1eb	114	109	172	245	red_bull	0.6130110025405884
2022_03_01_WN0VCWJZFfT9Cnt7ZvN5rOdXwq19iRtBUrmcZ1eb	509	83	588	216	doritos	0.568413257598877
112_zBIRtlw6Lmp1P8zF71e2U7a0EM1NLoNamUO67Bd8	214	278	315	377	dr_pepper	0.9055383801460266
112_zBIRtlw6Lmp1P8zF71e2U7a0EM1NLoNamUO67Bd8	253	16	331	79	gatorade	0.8191444277763367
2018_02_16_i278ijJ3cDM98C8eLHoNiKqUyU9jGMjq1l4Oh9VY	461	128	604	418	coca_cola	0.5802094340324402
2022_01_21_PSiMuSpAFwdPpawyRFERjn4adpKwEMnrcXGIBUMw	46	335	75	389	guinness	0.8883830904960632
2022_01_21_PSiMuSpAFwdPpawyRFERjn4adpKwEMnrcXGIBUMw	74	438	103	493	guinness	0.888210654258728
2022_01_21_PSiMuSpAFwdPpawyRFERjn4adpKwEMnrcXGIBUMw	91	328	118	380	guinness	0.8799440860748291
2022_01_21_PSiMuSpAFwdPpawyRFERjn4adpKwEMnrcXGIBUMw	439	61	506	158	marlboro	0.8622666001319885
2022_01_21_PSiMuSpAFwdPpawyRFERjn4adpKwEMnrcXGIBUMw	70	222	97	280	guinness	0.8619208931922913
2022_01_21_PSiMuSpAFwdPpawyRFERjn4adpKwEMnrcXGIBUMw	536	129	600	223	marlboro	0.8545439839363098
2022_01_21_PSiMuSpAFwdPpawyRFERjn4adpKwEMnrcXGIBUMw	110	246	135	303	guinness	0.8452582359313965
2022_01_21_PSiMuSpAFwdPpawyRFERjn4adpKwEMnrcXGIBUMw	40	152	69	207	guinness	0.8319298028945923
2022_01_21_PSiMuSpAFwdPpawyRFERjn4adpKwEMnrcXGIBUMw	80	145	110	197	guinness	0.7198303937911987
2022_01_21_PSiMuSpAFwdPpawyRFERjn4adpKwEMnrcXGIBUMw	113	405	143	471	guinness	0.6733810901641846
2022_03_04_EWJgSvq11BqxKG1nAvNwuvNfZhQjMbvZKNJ0igD0	251	271	375	364	miller_light	0.929896354675293
2022_05_21_aGad7tlFN2BPOv8rJ1DG1Mt7LZER9Mbf3AxhcW2i	298	306	332	332	great_value	0.7913605570793152
2021_03_09_IMG_4171	280	223	490	441	starbucks	0.9464266300201416
2022_02_11_Mme6HOD8gyR0Ci65qHqtQbjucaWPALud04VZBpYF	129	92	244	226	corona	0.8392328023910522
2022_02_11_Mme6HOD8gyR0Ci65qHqtQbjucaWPALud04VZBpYF	129	94	210	226	corona	0.8202580213546753
2022_02_11_Mme6HOD8gyR0Ci65qHqtQbjucaWPALud04VZBpYF	241	427	286	482	corona	0.7911088466644287
2022_02_11_Mme6HOD8gyR0Ci65qHqtQbjucaWPALud04VZBpYF	361	472	395	516	corona	0.709387481212616
2022_02_11_Mme6HOD8gyR0Ci65qHqtQbjucaWPALud04VZBpYF	523	88	564	135	guinness	0.6539715528488159
2022_02_11_Mme6HOD8gyR0Ci65qHqtQbjucaWPALud04VZBpYF	429	582	498	639	corona	0.590573251247406
2022_02_11_Mme6HOD8gyR0Ci65qHqtQbjucaWPALud04VZBpYF	191	231	223	280	corona	0.560547411441803
2022_02_11_Mme6HOD8gyR0Ci65qHqtQbjucaWPALud04VZBpYF	134	425	184	495	corona	0.44684383273124695
2022_02_11_Mme6HOD8gyR0Ci65qHqtQbjucaWPALud04VZBpYF	354	513	411	573	corona	0.3381003737449646
2019_04_27_ewAZoQmpN6RlidAzfWxcEZsAOSObXffgjswTLPXa	212	435	443	602	deer_park	0.6013460755348206
2022_03_02_INz2jwiwhCIyRVU3HV2nvqqZb4U0VSKUfXkc93uD	342	255	452	384	red_bull	0.6710039973258972
2022_01_09_RXt4L98H15NBvvhvaRrgTTXUEHkZLoeVhagPLaI7	196	189	234	288	heineken	0.9088326692581177
2022_01_09_RXt4L98H15NBvvhvaRrgTTXUEHkZLoeVhagPLaI7	553	210	594	265	coca_cola	0.8992363214492798
2022_01_09_RXt4L98H15NBvvhvaRrgTTXUEHkZLoeVhagPLaI7	579	398	610	488	pepsi	0.8978855609893799
2022_01_09_RXt4L98H15NBvvhvaRrgTTXUEHkZLoeVhagPLaI7	449	274	476	328	gatorade	0.8639599680900574
2022_01_09_RXt4L98H15NBvvhvaRrgTTXUEHkZLoeVhagPLaI7	485	220	510	272	gatorade	0.8128271698951721
2022_01_09_RXt4L98H15NBvvhvaRrgTTXUEHkZLoeVhagPLaI7	482	508	509	571	gatorade	0.7795968055725098
2022_01_09_RXt4L98H15NBvvhvaRrgTTXUEHkZLoeVhagPLaI7	279	503	301	554	gatorade	0.7257465720176697
2022_01_09_RXt4L98H15NBvvhvaRrgTTXUEHkZLoeVhagPLaI7	444	491	464	547	gatorade	0.6885764002799988
2022_01_09_RXt4L98H15NBvvhvaRrgTTXUEHkZLoeVhagPLaI7	377	496	400	541	gatorade	0.6816158294677734
2022_01_09_RXt4L98H15NBvvhvaRrgTTXUEHkZLoeVhagPLaI7	344	547	360	579	gatorade	0.667525589466095
2022_01_09_RXt4L98H15NBvvhvaRrgTTXUEHkZLoeVhagPLaI7	121	200	151	263	sprite	0.41719985008239746
2022_01_09_RXt4L98H15NBvvhvaRrgTTXUEHkZLoeVhagPLaI7	345	264	358	306	gatorade	0.35893186926841736
2022_01_09_RXt4L98H15NBvvhvaRrgTTXUEHkZLoeVhagPLaI7	339	544	364	613	gatorade	0.30037829279899597
2022_01_09_RXt4L98H15NBvvhvaRrgTTXUEHkZLoeVhagPLaI7	546	425	578	513	gatorade	0.2785394787788391
2022_01_09_RXt4L98H15NBvvhvaRrgTTXUEHkZLoeVhagPLaI7	45	435	63	584	red_bull	0.2532057464122772
2021_12_27_gPCvrnwFeqYHQIVWBaIdkmFxKBvUSa5zx9trS3tQ	82	95	195	153	pepsi	0.8911874890327454
2021_12_27_gPCvrnwFeqYHQIVWBaIdkmFxKBvUSa5zx9trS3tQ	520	323	607	426	budweiser	0.7713428735733032
2021_12_27_gPCvrnwFeqYHQIVWBaIdkmFxKBvUSa5zx9trS3tQ	330	387	424	530	budweiser	0.6068137884140015
2021_12_27_gPCvrnwFeqYHQIVWBaIdkmFxKBvUSa5zx9trS3tQ	83	20	184	70	niagara	0.3834244906902313
2021_12_27_gPCvrnwFeqYHQIVWBaIdkmFxKBvUSa5zx9trS3tQ	133	195	221	295	heineken	0.37441614270210266
2021_12_27_gPCvrnwFeqYHQIVWBaIdkmFxKBvUSa5zx9trS3tQ	330	388	425	534	michelob	0.2628766596317291
2022_02_20_f1TGMspF7picCwsYnb6Ih42CfHFxQhH0MCydua3K	172	418	291	520	nestle_pure_life	0.9513503909111023
2022_02_20_eubIFLXHo7omnLMquaj9NPWbARATZxNe44FZvurB	103	266	217	486	coca_cola	0.8402233123779297
2022_02_20_eubIFLXHo7omnLMquaj9NPWbARATZxNe44FZvurB	341	121	545	434	monster	0.6567431688308716
2019_06_11_q3e6MnGCUJ7KpOomDiPicBLxSKujHdqjOk4tf5OO	172	206	479	478	dr_pepper	0.8845728635787964
2021_06_05_IMG_0565	291	361	432	469	powerade	0.9120745062828064
2021_06_05_IMG_0565	230	157	345	226	sprite	0.41443997621536255
2020_05_01_Adjustments	201	52	272	80	doritos	0.975837767124176
2020_05_01_Adjustments	117	600	202	627	doritos	0.9239347577095032
2020_05_01_Adjustments	536	308	622	351	doritos	0.9085862636566162
2020_05_01_Adjustments	396	305	457	339	lays	0.7443361282348633
2020_05_01_Adjustments	0	393	39	417	bud_light	0.49449312686920166
2020_05_01_Adjustments	321	13	414	53	cheetos	0.4105965793132782
2020_05_01_Adjustments	533	194	616	228	doritos	0.3856436312198639
2019_06_11_Q9HYzqELIGLyXu23WE5bqrJx4GIYwmGGQ3aRl12N	213	289	437	412	niagara	0.47823673486709595
2019_06_11_Q9HYzqELIGLyXu23WE5bqrJx4GIYwmGGQ3aRl12N	213	290	437	412	aquafina	0.3684818148612976
2022_02_27_vn9ZMmwiD8czXRJbsJSYPmmAfdDOyKEFn7QE7z6t	54	439	145	521	pepsi	0.9190129637718201
2022_02_27_vn9ZMmwiD8czXRJbsJSYPmmAfdDOyKEFn7QE7z6t	517	247	583	518	corona	0.32536813616752625
2021_12_27_7mtFIQqSHDfCcJOybT61Cb5a1mbdTG915B8IQ9PK	364	565	400	594	marlboro	0.9126499891281128
2021_12_27_7mtFIQqSHDfCcJOybT61Cb5a1mbdTG915B8IQ9PK	399	231	430	285	guinness	0.8983252644538879
2021_12_27_7mtFIQqSHDfCcJOybT61Cb5a1mbdTG915B8IQ9PK	537	104	569	168	heineken	0.8951213359832764
2021_12_27_7mtFIQqSHDfCcJOybT61Cb5a1mbdTG915B8IQ9PK	254	280	281	336	guinness	0.8931304216384888
2021_12_27_7mtFIQqSHDfCcJOybT61Cb5a1mbdTG915B8IQ9PK	466	91	495	157	heineken	0.8923532962799072
2021_12_27_7mtFIQqSHDfCcJOybT61Cb5a1mbdTG915B8IQ9PK	290	283	318	342	guinness	0.8880294561386108
2021_12_27_7mtFIQqSHDfCcJOybT61Cb5a1mbdTG915B8IQ9PK	401	66	424	131	heineken	0.8878715634346008
2021_12_27_7mtFIQqSHDfCcJOybT61Cb5a1mbdTG915B8IQ9PK	572	100	603	167	heineken	0.8876773715019226
2021_12_27_7mtFIQqSHDfCcJOybT61Cb5a1mbdTG915B8IQ9PK	200	108	233	175	budweiser	0.880767822265625
2021_12_27_7mtFIQqSHDfCcJOybT61Cb5a1mbdTG915B8IQ9PK	425	79	458	146	heineken	0.8792371153831482
2021_12_27_7mtFIQqSHDfCcJOybT61Cb5a1mbdTG915B8IQ9PK	497	102	530	167	heineken	0.8714332580566406
2021_12_27_7mtFIQqSHDfCcJOybT61Cb5a1mbdTG915B8IQ9PK	350	69	383	118	stella	0.8620482683181763
2021_12_27_7mtFIQqSHDfCcJOybT61Cb5a1mbdTG915B8IQ9PK	277	108	310	154	stella	0.8504793643951416
2021_12_27_7mtFIQqSHDfCcJOybT61Cb5a1mbdTG915B8IQ9PK	158	106	195	165	bud_light	0.8224034309387207
2021_12_27_7mtFIQqSHDfCcJOybT61Cb5a1mbdTG915B8IQ9PK	239	106	272	153	stella	0.7893556356430054
2021_12_27_7mtFIQqSHDfCcJOybT61Cb5a1mbdTG915B8IQ9PK	333	240	358	297	guinness	0.7654303312301636
2021_12_27_7mtFIQqSHDfCcJOybT61Cb5a1mbdTG915B8IQ9PK	438	249	466	306	guinness	0.7297868728637695
2021_12_27_7mtFIQqSHDfCcJOybT61Cb5a1mbdTG915B8IQ9PK	319	63	349	106	stella	0.7288552522659302
2021_12_27_7mtFIQqSHDfCcJOybT61Cb5a1mbdTG915B8IQ9PK	176	44	193	59	bud_light	0.7028858065605164
2021_12_27_7mtFIQqSHDfCcJOybT61Cb5a1mbdTG915B8IQ9PK	327	537	342	559	guinness	0.6035648584365845
2021_12_27_7mtFIQqSHDfCcJOybT61Cb5a1mbdTG915B8IQ9PK	359	242	379	297	guinness	0.5754873752593994
2021_12_27_7mtFIQqSHDfCcJOybT61Cb5a1mbdTG915B8IQ9PK	541	43	551	79	heineken	0.4003387987613678
2021_12_27_7mtFIQqSHDfCcJOybT61Cb5a1mbdTG915B8IQ9PK	503	41	513	78	heineken	0.3380141854286194
2021_12_27_7mtFIQqSHDfCcJOybT61Cb5a1mbdTG915B8IQ9PK	333	241	379	297	guinness	0.29288092255592346
2021_12_27_7mtFIQqSHDfCcJOybT61Cb5a1mbdTG915B8IQ9PK	475	33	485	68	heineken	0.26390552520751953
2022_01_21_aQl3VJrtCcG77VCptQZ5SgPmiDj5CBfpcqnCJCMe	269	433	350	563	guinness	0.8981401324272156
2022_01_21_aQl3VJrtCcG77VCptQZ5SgPmiDj5CBfpcqnCJCMe	41	96	127	226	monster	0.552574634552002
2022_01_21_aQl3VJrtCcG77VCptQZ5SgPmiDj5CBfpcqnCJCMe	220	79	290	290	monster	0.35795798897743225
2022_01_21_aQl3VJrtCcG77VCptQZ5SgPmiDj5CBfpcqnCJCMe	385	412	463	528	monster	0.29023367166519165
2022_01_21_aQl3VJrtCcG77VCptQZ5SgPmiDj5CBfpcqnCJCMe	500	53	585	281	monster	0.2862059473991394
2019_02_04_PmOrhYgq98g6NxdPWgPBjlIqrwMEZ1dI1Ulz8m7A	262	266	377	378	kirkland	0.7898461222648621
2022_03_22_ccz760nuXcbQmW2LeUkTvAuFyI4fCK7DMTCiKpcL	172	297	253	418	deer_park	0.8801593780517578
2022_03_29_LusHFlzUWEhyiYR208m6c2Bnj3Z7PtJJut4snq0R	73	379	172	503	michelob	0.9544456005096436
2022_03_29_LusHFlzUWEhyiYR208m6c2Bnj3Z7PtJJut4snq0R	57	104	158	200	corona	0.8697634935379028
2022_03_29_LusHFlzUWEhyiYR208m6c2Bnj3Z7PtJJut4snq0R	380	174	475	274	corona	0.8031101822853088
2022_03_29_LusHFlzUWEhyiYR208m6c2Bnj3Z7PtJJut4snq0R	398	362	485	444	corona	0.7881444096565247
2022_03_29_LusHFlzUWEhyiYR208m6c2Bnj3Z7PtJJut4snq0R	231	517	277	575	deer_park	0.7663010358810425
2022_03_29_LusHFlzUWEhyiYR208m6c2Bnj3Z7PtJJut4snq0R	462	163	511	202	corona	0.7437699437141418
2022_03_29_LusHFlzUWEhyiYR208m6c2Bnj3Z7PtJJut4snq0R	166	50	237	127	corona	0.6530121564865112
2022_03_29_LusHFlzUWEhyiYR208m6c2Bnj3Z7PtJJut4snq0R	374	39	460	116	corona	0.5443330407142639
2022_03_29_LusHFlzUWEhyiYR208m6c2Bnj3Z7PtJJut4snq0R	501	355	592	494	corona	0.34856924414634705
2022_03_29_LusHFlzUWEhyiYR208m6c2Bnj3Z7PtJJut4snq0R	527	362	592	433	corona	0.2693242132663727
2020_02_18_9nP12ONwtNbvLWgIyxOTXtd9wUlXD3klIiicrlYS	139	96	618	640	snickers	0.8435890078544617
2020_02_18_9nP12ONwtNbvLWgIyxOTXtd9wUlXD3klIiicrlYS	164	116	586	496	snickers	0.5924932956695557
2022_07_30_jN7ouDJxBBsk0RE6FYBJGRDakiV6kOim5vEsbGYz	204	208	429	427	heinz	0.9492185711860657
2022_02_07_nmC931ztG39CYHXp7lD64XOnCnvyscr3HSVUpmbV	62	88	106	138	guinness	0.9062008857727051
2022_02_07_nmC931ztG39CYHXp7lD64XOnCnvyscr3HSVUpmbV	186	509	223	558	guinness	0.9006301760673523
2022_02_07_nmC931ztG39CYHXp7lD64XOnCnvyscr3HSVUpmbV	80	514	120	560	guinness	0.9004350900650024
2022_02_07_nmC931ztG39CYHXp7lD64XOnCnvyscr3HSVUpmbV	176	429	217	478	guinness	0.8930650949478149
2022_02_07_nmC931ztG39CYHXp7lD64XOnCnvyscr3HSVUpmbV	76	409	118	456	guinness	0.8881422281265259
2022_02_07_nmC931ztG39CYHXp7lD64XOnCnvyscr3HSVUpmbV	533	424	571	468	guinness	0.8753541111946106
2022_02_07_nmC931ztG39CYHXp7lD64XOnCnvyscr3HSVUpmbV	475	547	511	588	guinness	0.8744007349014282
2022_02_07_nmC931ztG39CYHXp7lD64XOnCnvyscr3HSVUpmbV	397	525	431	565	guinness	0.8737939596176147
2022_02_07_nmC931ztG39CYHXp7lD64XOnCnvyscr3HSVUpmbV	322	352	358	400	guinness	0.8709073066711426
2022_02_07_nmC931ztG39CYHXp7lD64XOnCnvyscr3HSVUpmbV	258	359	298	400	guinness	0.8708815574645996
2022_02_07_nmC931ztG39CYHXp7lD64XOnCnvyscr3HSVUpmbV	210	86	248	135	guinness	0.8703778982162476
2022_02_07_nmC931ztG39CYHXp7lD64XOnCnvyscr3HSVUpmbV	541	518	575	560	guinness	0.8694003224372864
2022_02_07_nmC931ztG39CYHXp7lD64XOnCnvyscr3HSVUpmbV	261	438	298	487	guinness	0.8677463531494141
2022_02_07_nmC931ztG39CYHXp7lD64XOnCnvyscr3HSVUpmbV	335	451	372	488	guinness	0.8676100373268127
2022_02_07_nmC931ztG39CYHXp7lD64XOnCnvyscr3HSVUpmbV	319	252	357	306	guinness	0.8652434349060059
2022_02_07_nmC931ztG39CYHXp7lD64XOnCnvyscr3HSVUpmbV	402	432	438	479	guinness	0.862294614315033
2022_02_07_nmC931ztG39CYHXp7lD64XOnCnvyscr3HSVUpmbV	166	273	202	320	guinness	0.8601734638214111
2022_02_07_nmC931ztG39CYHXp7lD64XOnCnvyscr3HSVUpmbV	522	77	565	125	guinness	0.8597041368484497
2022_02_07_nmC931ztG39CYHXp7lD64XOnCnvyscr3HSVUpmbV	296	163	332	210	guinness	0.8569707274436951
2022_02_07_nmC931ztG39CYHXp7lD64XOnCnvyscr3HSVUpmbV	332	80	371	131	guinness	0.8565553426742554
2022_02_07_nmC931ztG39CYHXp7lD64XOnCnvyscr3HSVUpmbV	511	166	550	215	guinness	0.8553730845451355
2022_02_07_nmC931ztG39CYHXp7lD64XOnCnvyscr3HSVUpmbV	464	356	507	405	guinness	0.8548405766487122
2022_02_07_nmC931ztG39CYHXp7lD64XOnCnvyscr3HSVUpmbV	267	523	300	565	guinness	0.8547419905662537
2022_02_07_nmC931ztG39CYHXp7lD64XOnCnvyscr3HSVUpmbV	452	268	488	315	guinness	0.8543158769607544
2022_02_07_nmC931ztG39CYHXp7lD64XOnCnvyscr3HSVUpmbV	181	349	217	394	guinness	0.853481113910675
2022_02_07_nmC931ztG39CYHXp7lD64XOnCnvyscr3HSVUpmbV	159	196	195	239	guinness	0.8509523272514343
2022_02_07_nmC931ztG39CYHXp7lD64XOnCnvyscr3HSVUpmbV	335	543	371	588	guinness	0.8491846919059753
2022_02_07_nmC931ztG39CYHXp7lD64XOnCnvyscr3HSVUpmbV	440	82	481	127	guinness	0.8410825133323669
2022_02_07_nmC931ztG39CYHXp7lD64XOnCnvyscr3HSVUpmbV	532	265	566	313	guinness	0.8410178422927856
2022_02_07_nmC931ztG39CYHXp7lD64XOnCnvyscr3HSVUpmbV	72	167	113	215	guinness	0.8357027769088745
2022_02_07_nmC931ztG39CYHXp7lD64XOnCnvyscr3HSVUpmbV	67	0	113	49	corona	0.8335360884666443
2022_02_07_nmC931ztG39CYHXp7lD64XOnCnvyscr3HSVUpmbV	385	257	423	301	guinness	0.8279392719268799
2022_02_07_nmC931ztG39CYHXp7lD64XOnCnvyscr3HSVUpmbV	218	171	254	219	guinness	0.8279292583465576
2022_02_07_nmC931ztG39CYHXp7lD64XOnCnvyscr3HSVUpmbV	446	159	486	212	guinness	0.8248872756958008
2022_02_07_nmC931ztG39CYHXp7lD64XOnCnvyscr3HSVUpmbV	271	70	311	120	guinness	0.8218876123428345
2022_02_07_nmC931ztG39CYHXp7lD64XOnCnvyscr3HSVUpmbV	360	160	398	208	guinness	0.8213542103767395
2022_02_07_nmC931ztG39CYHXp7lD64XOnCnvyscr3HSVUpmbV	150	112	193	159	guinness	0.8208866715431213
2022_02_07_nmC931ztG39CYHXp7lD64XOnCnvyscr3HSVUpmbV	468	445	505	490	guinness	0.8155113458633423
2022_02_07_nmC931ztG39CYHXp7lD64XOnCnvyscr3HSVUpmbV	250	257	290	300	guinness	0.8098579049110413
2022_02_07_nmC931ztG39CYHXp7lD64XOnCnvyscr3HSVUpmbV	552	351	596	395	guinness	0.8039495348930359
2022_02_07_nmC931ztG39CYHXp7lD64XOnCnvyscr3HSVUpmbV	65	247	111	295	guinness	0.8006482124328613
2022_02_07_nmC931ztG39CYHXp7lD64XOnCnvyscr3HSVUpmbV	71	326	112	373	guinness	0.8005421161651611
2022_02_07_nmC931ztG39CYHXp7lD64XOnCnvyscr3HSVUpmbV	378	329	422	379	guinness	0.7411530017852783
112_XtQZ6cmadWQcnP7NylrlNDJoiWE6hawJfKRU62FC	537	366	626	451	bud_light	0.8855754137039185
112_XtQZ6cmadWQcnP7NylrlNDJoiWE6hawJfKRU62FC	257	143	334	217	bud_light	0.883078396320343
112_XtQZ6cmadWQcnP7NylrlNDJoiWE6hawJfKRU62FC	347	398	379	515	bud_light	0.7584657073020935
112_XtQZ6cmadWQcnP7NylrlNDJoiWE6hawJfKRU62FC	203	243	261	301	bud_light	0.6473375558853149
2021_08_06_lb9YzlIpLkREUKJVTginuRXB9TdEiddDpTssZPRW	185	194	505	450	white_claw	0.8589313626289368
2022_02_27_JrBOiZTkXmznpjRFktW6YtHdLWAQB3PB9dwTlVLi	280	259	361	380	mountain_dew	0.9390973448753357
2020_08_27_nkYczsokQjPk4IhPRUCyTeEUEfyq7WvECTDZmyqe	225	221	405	435	powerade	0.9662302136421204
2022_03_01_vHJKwbLflxamnFmrotf1dMZgiuRpjnF7QR24kcjM	48	163	135	372	seven_eleven	0.9108172059059143
2022_01_01_m2dKM05qBtDJXCFYOpiGNJ8MxN5wvsSt300cAv6X	317	490	365	548	gatorade	0.919157862663269
2022_01_01_m2dKM05qBtDJXCFYOpiGNJ8MxN5wvsSt300cAv6X	77	429	160	512	white_claw	0.9151635766029358
2022_01_01_m2dKM05qBtDJXCFYOpiGNJ8MxN5wvsSt300cAv6X	501	463	554	519	deer_park	0.822572648525238
2022_01_01_m2dKM05qBtDJXCFYOpiGNJ8MxN5wvsSt300cAv6X	240	333	289	360	bud_light	0.604665219783783
2022_01_01_m2dKM05qBtDJXCFYOpiGNJ8MxN5wvsSt300cAv6X	527	570	569	631	dasani	0.34048423171043396
2022_01_01_m2dKM05qBtDJXCFYOpiGNJ8MxN5wvsSt300cAv6X	527	571	570	632	aquafina	0.2880491614341736
2022_05_22_82DGNVwUiKsqi15pwHZEtZ4LJdo2AhWocsEfqLxb	334	234	429	307	mcdonalds	0.32858970761299133
2022_01_17_TGSm6j15KajRsqbs6goHfHGTsracU2jRAap5PHFg	367	289	544	492	fanta	0.9194163084030151
2022_01_17_TGSm6j15KajRsqbs6goHfHGTsracU2jRAap5PHFg	94	149	170	236	mcdonalds	0.4138306975364685
112_UtglvHKcc0ek1pF0a2Ux8OjzXeb8Rt0WBoLYEPTK	309	365	490	523	niagara	0.8289983868598938
2021_05_29_VU7UVF4xfdumsr1Svj6AnIOsamuoK2ZPPKJDdDsv	290	377	405	471	nestle_pure_life	0.874783992767334
2022_02_27_yBp6CNxyOzPJzBalr2rbCkbZhLL9cTB4w7tFUf1u	251	251	390	394	lays	0.9396606683731079
2022_02_27_yBp6CNxyOzPJzBalr2rbCkbZhLL9cTB4w7tFUf1u	601	0	639	73	sprite	0.3563416600227356
2021_12_19_1wPyhka69spTcrVuvIXK3cUYdFcqk6NyV8vZ4rgH	484	362	552	423	heineken	0.7401760816574097
2021_12_19_1wPyhka69spTcrVuvIXK3cUYdFcqk6NyV8vZ4rgH	482	31	515	120	heineken	0.6918683052062988
2021_12_19_1wPyhka69spTcrVuvIXK3cUYdFcqk6NyV8vZ4rgH	230	477	314	537	heineken	0.6865377426147461
2021_12_19_1wPyhka69spTcrVuvIXK3cUYdFcqk6NyV8vZ4rgH	303	349	365	406	heineken	0.6376870274543762
2021_12_19_1wPyhka69spTcrVuvIXK3cUYdFcqk6NyV8vZ4rgH	253	186	296	283	heineken	0.5451096296310425
2021_12_19_1wPyhka69spTcrVuvIXK3cUYdFcqk6NyV8vZ4rgH	311	204	374	325	heineken	0.31268760561943054
2021_12_19_1wPyhka69spTcrVuvIXK3cUYdFcqk6NyV8vZ4rgH	531	148	593	215	heineken	0.283089816570282
2022_04_26_YWF33y4ZjgnLIL4AjNt57Nr4G8m8GWae4I4E5wtW	98	209	225	526	newport	0.9387779235839844
2022_04_26_YWF33y4ZjgnLIL4AjNt57Nr4G8m8GWae4I4E5wtW	410	127	537	441	newport	0.9158911108970642
2022_04_26_YWF33y4ZjgnLIL4AjNt57Nr4G8m8GWae4I4E5wtW	259	209	361	455	newport	0.8946927785873413
2019_06_11_clw6P2bMGc28DQAufhhCvZJew4F11F3GxGhuJURf	220	303	476	408	budweiser	0.7355154156684875
2022_02_28_wXrKC5jaGwkXPB00rwbAy4KZ5rfYfA8UPXscbTP3	174	382	299	543	stella	0.8264339566230774
2022_06_01_Yv5ClnzVXhq7CrzNElsk1Fu5z07gHOyZCXBfSjTm	286	285	349	367	lays	0.4652332663536072
2020_01_25_h7NrSTkuXWFkv76jygjbg36OWhi9Jcxa7tY5LaWW	135	210	510	423	reeses	0.8752326965332031
2020_01_06_7reRWC1m9NOPTEVHmQrjkr7qcuGBnps2WaFU1zGw	147	151	496	495	snickers	0.9859060049057007
2022_02_24_APvQv92pBfnjuhfUyKZoYC2DjghNk3EohkWNMJ9A	250	259	395	395	pepsi	0.6464434266090393
2023_04_06_apWenFq9h3GenG2GFjYFe3e3xd33O4SFCjF0u2lF	129	164	333	413	burger_king	0.9509953260421753
2022_03_01_I6wPQtyXvTmsceaIQrUSLOUinSDnDUPDbgRzZJoo	33	75	161	257	doritos	0.9343846440315247
2022_03_01_I6wPQtyXvTmsceaIQrUSLOUinSDnDUPDbgRzZJoo	511	472	575	565	marlboro	0.8957773447036743
2022_02_21_iyD53f05kRDju4acmETxNRl8awHmkJyaF8qrcGi7	248	273	383	385	fanta	0.7778437733650208
2022_02_21_iyD53f05kRDju4acmETxNRl8awHmkJyaF8qrcGi7	248	274	383	385	coors	0.28249579668045044
2021_12_14_XwsiyJDd5pN2TaHjLZoEu7qBtVDQttI6GKAUHbEg	45	190	120	235	coors	0.8785294890403748
2021_12_14_XwsiyJDd5pN2TaHjLZoEu7qBtVDQttI6GKAUHbEg	556	303	607	357	nestle_pure_life	0.5012218952178955
2021_08_06_c2By5BLOTF6OejHYWfm4fbMqkWr1S2j1CtBiy1bj	222	174	426	388	white_claw	0.6527416110038757
2021_08_06_c2By5BLOTF6OejHYWfm4fbMqkWr1S2j1CtBiy1bj	0	224	113	472	corona	0.3096317946910858
2022_03_09_Cpr0lFqPpf6sjYhauo75ou6mQdKMh0gjfn4BRe8z	18	505	103	587	modelo	0.9300126433372498
2022_03_09_Cpr0lFqPpf6sjYhauo75ou6mQdKMh0gjfn4BRe8z	336	476	405	554	modelo	0.8789638876914978
2022_03_09_Cpr0lFqPpf6sjYhauo75ou6mQdKMh0gjfn4BRe8z	508	388	603	464	modelo	0.8645599484443665
2022_03_09_Cpr0lFqPpf6sjYhauo75ou6mQdKMh0gjfn4BRe8z	248	38	324	108	modelo	0.8222719430923462
2022_03_09_Cpr0lFqPpf6sjYhauo75ou6mQdKMh0gjfn4BRe8z	150	374	229	435	modelo	0.7491294741630554
2022_03_09_Cpr0lFqPpf6sjYhauo75ou6mQdKMh0gjfn4BRe8z	535	229	602	378	modelo	0.7454524636268616
2022_03_09_Cpr0lFqPpf6sjYhauo75ou6mQdKMh0gjfn4BRe8z	36	324	88	391	modelo	0.7092724442481995
2022_03_09_Cpr0lFqPpf6sjYhauo75ou6mQdKMh0gjfn4BRe8z	79	554	151	639	modelo	0.6164731383323669
2019_11_21_wPpzvv3Emuw4lRzAWHbkz6tkAR1CADcJgFBiVgQC	172	367	266	442	heinz	0.9014607667922974
2019_11_21_wPpzvv3Emuw4lRzAWHbkz6tkAR1CADcJgFBiVgQC	227	264	281	297	heinz	0.3825930058956146
2022_02_24_LhWUqHGhwyZppZ5gSy6axEaHpcCOHtk5dVkVE4gv	395	401	548	572	miller_light	0.8740979433059692
2022_02_24_LhWUqHGhwyZppZ5gSy6axEaHpcCOHtk5dVkVE4gv	61	73	120	164	nestle_pure_life	0.5141444206237793
2018_12_31_5Gn6Fuj1e1v41KNyAMHyIijFW377V0ecfo4qhHuK	147	312	331	440	doritos	0.6886234283447266
2018_12_31_5Gn6Fuj1e1v41KNyAMHyIijFW377V0ecfo4qhHuK	144	311	331	441	cheetos	0.6656987071037292
2018_11_24_cTRzcA1UU3f3VnECksaS8r8g6z0kTS0hAVCaZIxu	253	225	388	389	fireball	0.905774712562561
2022_03_25_MJ3FwiMkU6211YatX5ZLj0kE91Yv5F3Lxe5dFqAV	143	124	319	283	dasani	0.7450032830238342
2022_07_19_aLSVO9Sr60or2v2HUNvWHl9qHzDcjJhGMnuky4rl	245	244	383	375	niagara	0.9063370227813721
2022_02_27_1FLq9Fp43ySh2CmRN89VxWxijz5NiTbTtl7oSIPg	293	376	465	515	amstel_light	0.9233543872833252
2022_02_27_1FLq9Fp43ySh2CmRN89VxWxijz5NiTbTtl7oSIPg	241	215	400	376	amstel_light	0.7623788714408875
2021_04_15_IMG_1245	238	258	380	385	coors	0.5855496525764465
2022_05_13_nLc15JfX7BWwQOJZJdjEsfoG2wjS6Ly0YL3O0nJG	183	205	424	435	cheetos	0.8630134463310242
2022_04_01_lB264931gqpaUdnGA0QCZzO6ntrdPVvV2thN5qfN	503	288	581	479	modelo	0.879951536655426
2022_04_01_lB264931gqpaUdnGA0QCZzO6ntrdPVvV2thN5qfN	204	307	288	479	modelo	0.4955045282840729
2022_02_12_WgrIHQh6mLTuHp8ZsFA7l3MyQlFQDFfNPyS2h9Sc	191	149	498	569	mountain_dew	0.9276761412620544
2022_02_12_WgrIHQh6mLTuHp8ZsFA7l3MyQlFQDFfNPyS2h9Sc	52	64	499	522	mountain_dew	0.42724645137786865
2021_06_07_IMG_0729	427	445	501	510	nestle_pure_life	0.9316983819007874
2021_06_07_IMG_0729	95	316	174	432	powerade	0.8985824584960938
2021_06_07_IMG_0729	225	277	278	339	deer_park	0.8150994181632996
2021_06_07_IMG_0729	489	129	532	179	deer_park	0.5904040336608887
2022_03_01_lyvJ6i7QCzU7APz21mpeNLzs6VEOQHTzhxI8yIh9	433	397	549	520	fanta	0.9552146196365356
2022_03_01_lyvJ6i7QCzU7APz21mpeNLzs6VEOQHTzhxI8yIh9	120	106	236	320	monster	0.7606611847877502
2018_11_17_enxp75EHkwRK9MFcniPbU6gAv7MONBIc3KyKjpIF	269	266	367	371	dunkin	0.9128373265266418
2022_05_28_vMlIYI6O2UMhdxytWLz9JVDeTOHRSpL45mZSyXDL	152	164	478	466	budweiser	0.8793923258781433
2022_05_28_vMlIYI6O2UMhdxytWLz9JVDeTOHRSpL45mZSyXDL	144	148	474	638	budweiser	0.5614226460456848
2021_07_28_BYKotANU8bJgqm2ntFsBb1pwZGnCsWVGNFF7DbWY	273	240	374	395	doritos	0.853069543838501
2022_01_01_M848SgHRWJYYv8M0wK761Oky5TEurQBsJY3ToRoO	257	266	385	372	marlboro	0.9286484718322754
2022_01_01_M848SgHRWJYYv8M0wK761Oky5TEurQBsJY3ToRoO	413	463	519	553	mcdonalds	0.3854956030845642
2022_01_09_WTNsok0XO1klk5hPEOUEotfnu5wQqBFogjlBumH3	312	330	413	557	stella	0.6972519755363464
2022_01_09_WTNsok0XO1klk5hPEOUEotfnu5wQqBFogjlBumH3	0	17	176	418	corona	0.40443411469459534
2019_06_19_uJJp933PgJXs94i6z2qFlBdmkxRehNKC21mmip5h	510	107	547	178	heineken	0.8662128448486328
2019_06_19_uJJp933PgJXs94i6z2qFlBdmkxRehNKC21mmip5h	79	509	99	543	gatorade	0.7820866107940674
2019_06_19_uJJp933PgJXs94i6z2qFlBdmkxRehNKC21mmip5h	478	431	503	461	bud_light	0.6113570332527161
2019_06_19_uJJp933PgJXs94i6z2qFlBdmkxRehNKC21mmip5h	385	496	411	517	red_bull	0.5530471801757812
2019_06_19_uJJp933PgJXs94i6z2qFlBdmkxRehNKC21mmip5h	50	487	69	530	pepsi	0.42335081100463867
2019_06_19_uJJp933PgJXs94i6z2qFlBdmkxRehNKC21mmip5h	181	421	215	558	monster	0.384295254945755
2019_06_19_uJJp933PgJXs94i6z2qFlBdmkxRehNKC21mmip5h	277	451	314	533	monster	0.3556958734989166
2019_06_19_uJJp933PgJXs94i6z2qFlBdmkxRehNKC21mmip5h	26	157	54	188	bud_light	0.25333714485168457
2022_02_23_LyB3yylvTQyNFKf9hSu8s6rfhocoWKaNfTqyvwsn	492	438	599	574	amstel_light	0.9533761739730835
2022_02_23_LyB3yylvTQyNFKf9hSu8s6rfhocoWKaNfTqyvwsn	464	67	560	183	amstel_light	0.9509342908859253
2022_02_23_LyB3yylvTQyNFKf9hSu8s6rfhocoWKaNfTqyvwsn	314	395	420	523	amstel_light	0.948830246925354
2022_02_23_LyB3yylvTQyNFKf9hSu8s6rfhocoWKaNfTqyvwsn	43	291	163	423	amstel_light	0.9428631067276001
2022_02_23_LyB3yylvTQyNFKf9hSu8s6rfhocoWKaNfTqyvwsn	467	241	561	363	amstel_light	0.9355374574661255
2022_02_23_LyB3yylvTQyNFKf9hSu8s6rfhocoWKaNfTqyvwsn	106	107	235	252	amstel_light	0.9100725054740906
2022_01_12_4vQiPHzWvvGyy969e7Gy5WaUnHAJKkYitPUDGTzY	472	306	519	370	coca_cola	0.767084538936615
2022_01_12_4vQiPHzWvvGyy969e7Gy5WaUnHAJKkYitPUDGTzY	348	199	399	258	marlboro	0.6911265254020691
2022_01_12_4vQiPHzWvvGyy969e7Gy5WaUnHAJKkYitPUDGTzY	373	339	421	456	sprite	0.6575477719306946
2022_01_12_4vQiPHzWvvGyy969e7Gy5WaUnHAJKkYitPUDGTzY	189	423	251	575	stella	0.6190173029899597
2022_01_12_4vQiPHzWvvGyy969e7Gy5WaUnHAJKkYitPUDGTzY	312	352	376	444	bud_light	0.6091785430908203
2022_01_12_4vQiPHzWvvGyy969e7Gy5WaUnHAJKkYitPUDGTzY	81	206	163	410	monster	0.6073038578033447
2022_01_12_4vQiPHzWvvGyy969e7Gy5WaUnHAJKkYitPUDGTzY	246	412	286	482	stella	0.5382673740386963
2022_01_12_4vQiPHzWvvGyy969e7Gy5WaUnHAJKkYitPUDGTzY	399	15	439	53	modelo	0.3216998875141144
2022_07_01_2LDPREfme2DfB5W94uwnHFCgYEkNsVJ1RvChqjQr	258	263	434	423	sprite	0.5788719058036804
2022_07_01_2LDPREfme2DfB5W94uwnHFCgYEkNsVJ1RvChqjQr	264	296	434	381	sprite	0.43967533111572266
2021_08_06_749U9F5T01a8On31qfyFLIRdSyM5e8W6s13Z1S4s	77	171	400	496	white_claw	0.5352221131324768
2023_03_30_LNYUd4dbynWvm3mQ6J8CVSagmhfKTTnFTy29CR9C	182	186	435	455	burger_king	0.9783899784088135
2022_12_06_2zzg54khn9R4Nq43AZ3lUE41TBEjx5miOqmadctA	283	278	360	362	great_value	0.8790366649627686
2022_03_30_nUMK0KFKt1cBXBokYIliij3sXUKAOXcMr517O6mr	262	274	376	365	cheetos	0.9199857711791992
2022_02_22_uK37tMTpKgcJ4kBc7fLiDOdNX7x2lqmKUv3Q08Zl	240	269	396	370	dunkin	0.9268413782119751
2021_04_21_IMG_2838	227	192	382	422	coors	0.8827848434448242
2021_07_18_DwmAOI5WeZpLtnJPGLN4QMS6KHOZJeO52g0b8kxO	472	484	563	593	heineken	0.9223752617835999
2021_07_18_DwmAOI5WeZpLtnJPGLN4QMS6KHOZJeO52g0b8kxO	456	229	571	402	natural_light	0.912570595741272
2021_07_18_DwmAOI5WeZpLtnJPGLN4QMS6KHOZJeO52g0b8kxO	43	201	141	288	corona	0.8020579814910889
2021_07_18_DwmAOI5WeZpLtnJPGLN4QMS6KHOZJeO52g0b8kxO	299	38	508	180	natural_light	0.7770643830299377
2021_12_12_hVdBYFLHVtWYFx34LyxOtyANpN0NOY3mCCicqQ02	459	208	552	375	coca_cola	0.9304240345954895
2022_01_12_rBfnT5ubzDqaa0tGMJoC6KBErgMYYLGptlKoGzxl	184	537	254	602	corona	0.9312269687652588
2022_01_12_rBfnT5ubzDqaa0tGMJoC6KBErgMYYLGptlKoGzxl	355	71	451	153	heineken	0.9027256369590759
2022_01_12_rBfnT5ubzDqaa0tGMJoC6KBErgMYYLGptlKoGzxl	289	38	331	72	heineken	0.8498603701591492
2022_01_12_rBfnT5ubzDqaa0tGMJoC6KBErgMYYLGptlKoGzxl	97	149	150	173	red_bull	0.8442095518112183
2022_01_12_rBfnT5ubzDqaa0tGMJoC6KBErgMYYLGptlKoGzxl	84	529	128	562	red_bull	0.8194308876991272
2022_01_12_rBfnT5ubzDqaa0tGMJoC6KBErgMYYLGptlKoGzxl	353	161	425	235	corona	0.8155971765518188
2022_01_12_rBfnT5ubzDqaa0tGMJoC6KBErgMYYLGptlKoGzxl	197	176	241	199	red_bull	0.7472841739654541
2022_01_12_rBfnT5ubzDqaa0tGMJoC6KBErgMYYLGptlKoGzxl	206	284	254	336	corona	0.6759145259857178
2022_01_12_rBfnT5ubzDqaa0tGMJoC6KBErgMYYLGptlKoGzxl	264	403	329	511	corona	0.6480382084846497
2022_01_12_rBfnT5ubzDqaa0tGMJoC6KBErgMYYLGptlKoGzxl	51	349	132	453	corona	0.5689764022827148
2022_01_12_rBfnT5ubzDqaa0tGMJoC6KBErgMYYLGptlKoGzxl	346	382	429	481	corona	0.5168541073799133
2022_01_12_rBfnT5ubzDqaa0tGMJoC6KBErgMYYLGptlKoGzxl	272	383	303	414	corona	0.48991960287094116
2022_01_12_rBfnT5ubzDqaa0tGMJoC6KBErgMYYLGptlKoGzxl	612	375	639	449	corona	0.4116445481777191
2022_01_12_rBfnT5ubzDqaa0tGMJoC6KBErgMYYLGptlKoGzxl	131	287	200	371	corona	0.3981058895587921
2022_01_12_rBfnT5ubzDqaa0tGMJoC6KBErgMYYLGptlKoGzxl	362	312	427	365	corona	0.34444278478622437
2022_01_12_rBfnT5ubzDqaa0tGMJoC6KBErgMYYLGptlKoGzxl	524	383	595	486	corona	0.28514736890792847
2022_01_12_rBfnT5ubzDqaa0tGMJoC6KBErgMYYLGptlKoGzxl	278	282	329	352	corona	0.283568412065506
2021_07_05_IMG_2946	254	305	381	346	newport	0.4126971662044525
2021_06_27_IMG_2341	433	143	561	315	lays	0.8666946291923523
2021_06_27_IMG_2341	80	404	154	496	red_bull	0.7271273732185364
2021_07_20_6XPIvOxtXaXQRbRfM7xT6e8F4IsPPAQYChgLXOLx	352	285	561	402	red_bull	0.9568637013435364
2021_07_20_6XPIvOxtXaXQRbRfM7xT6e8F4IsPPAQYChgLXOLx	99	401	212	564	aquafina	0.5746818780899048
2022_01_17_3WfWQPJ6XmyhMa60Ft8iTDvYTnQqWwzJGS7xdsZM	456	98	609	272	burger_king	0.9541946053504944
2022_01_17_3WfWQPJ6XmyhMa60Ft8iTDvYTnQqWwzJGS7xdsZM	283	496	319	576	burger_king	0.45712193846702576
2020_08_28_20200828_184629	229	241	424	403	dr_pepper	0.8375716209411621
2022_02_21_Znatg010NlWiogI2pgvGpLOqOhgAr8bzO8IcFi37	238	231	288	269	heineken	0.48053547739982605
2022_02_21_Znatg010NlWiogI2pgvGpLOqOhgAr8bzO8IcFi37	408	37	597	171	heineken	0.4267815053462982
2022_02_21_Znatg010NlWiogI2pgvGpLOqOhgAr8bzO8IcFi37	45	332	94	383	doritos	0.37068289518356323
2021_05_04_IMG_5796	283	276	423	361	dasani	0.8378655910491943
2021_05_04_IMG_5796	177	270	267	517	corona	0.5909817218780518
2022_01_14_SVBgw0DfMUQW8QoUfQxzkeTgE5s5FTsEsnDAaMOd	222	74	284	181	fireball	0.9403191804885864
2022_01_14_SVBgw0DfMUQW8QoUfQxzkeTgE5s5FTsEsnDAaMOd	498	472	590	562	coca_cola	0.9393219351768494
2022_01_14_SVBgw0DfMUQW8QoUfQxzkeTgE5s5FTsEsnDAaMOd	53	122	89	168	bud_light	0.8802672624588013
2022_01_14_SVBgw0DfMUQW8QoUfQxzkeTgE5s5FTsEsnDAaMOd	122	94	178	200	fireball	0.8709877729415894
2022_01_14_SVBgw0DfMUQW8QoUfQxzkeTgE5s5FTsEsnDAaMOd	67	372	147	477	bud_light	0.8138589859008789
2022_01_14_SVBgw0DfMUQW8QoUfQxzkeTgE5s5FTsEsnDAaMOd	291	302	370	496	corona	0.2931425869464874
2022_07_01_jSLbY5Duoi5p34kfIpQWO6qlaDLYaZcLbP9Plklc	212	240	396	404	deer_park	0.781825840473175
2021_05_18_IMG_7594	250	145	466	323	amstel_light	0.9356482028961182
2021_05_18_IMG_7594	175	324	386	493	amstel_light	0.9287457466125488
2021_05_18_IMG_7594	121	71	206	151	stella	0.37200847268104553
2021_07_19_yD1q4ppDe8tsIDFYA5UxsmNfDikF5sm26F1ySmAJ	511	226	583	303	deer_park	0.909072756767273
2021_07_19_yD1q4ppDe8tsIDFYA5UxsmNfDikF5sm26F1ySmAJ	305	50	362	86	kirkland	0.8731178641319275
2021_07_19_yD1q4ppDe8tsIDFYA5UxsmNfDikF5sm26F1ySmAJ	403	395	498	468	deer_park	0.8697453737258911
2021_07_19_yD1q4ppDe8tsIDFYA5UxsmNfDikF5sm26F1ySmAJ	529	165	569	208	kirkland	0.8400835990905762
2019_06_27_ZU7wcgjxlpbsL3kuMa6oZMmuaplRhJM7clF1ESnO	217	219	449	424	dr_pepper	0.43253758549690247
112_CHb22qoTr1vMgCUZOrywezmBkE5tmIyNfXbQaElD	510	147	579	197	niagara	0.4005463123321533
2019_09_12_Ff9YTCb6wh1iVMsn5yBW0ar3M531MQ0BjDtkFQtH	257	253	374	394	great_value	0.8947739601135254
2021_07_23_SOQ1Rf9GtsBcjVHOILPRF383QfBfWBcJUiU5CrpL	71	85	256	192	modelo	0.3715364634990692
2021_07_23_SOQ1Rf9GtsBcjVHOILPRF383QfBfWBcJUiU5CrpL	340	59	545	223	modelo	0.3532714247703552
2021_07_23_SOQ1Rf9GtsBcjVHOILPRF383QfBfWBcJUiU5CrpL	72	80	258	192	coors	0.30213746428489685
2022_06_24_VbMPJmP1Hvvx0NsHo3ZUwjyx9cXc1icjBQqBh6EV	285	284	354	352	lays	0.9175379276275635
2022_07_30_9XmcYShx5g7sco74RQGYehsHff3lDtHauoXS9NPP	212	208	432	437	heineken	0.2867192327976227
2018_02_25_SO56XbXyyrrTuyTIJHmyYUxZPwoRn4LYwJWTywTc	275	265	356	315	mccafe	0.8093798756599426
2022_02_23_cVKH6BZjWdzx5kL4KYNp7a4MwooUZuIlkxkArtFj	256	86	380	250	heineken	0.950254499912262
2022_02_23_cVKH6BZjWdzx5kL4KYNp7a4MwooUZuIlkxkArtFj	425	49	493	102	heineken	0.34938326478004456
2022_03_03_2kMRDfob69zXtOLCSlcjaAkIJvvpZLzSyit4gpRJ	48	316	126	426	amstel_light	0.9436340928077698
2022_03_03_2kMRDfob69zXtOLCSlcjaAkIJvvpZLzSyit4gpRJ	515	214	594	316	amstel_light	0.9380877614021301
2022_03_03_2kMRDfob69zXtOLCSlcjaAkIJvvpZLzSyit4gpRJ	288	559	375	639	amstel_light	0.9325762391090393
2022_03_03_2kMRDfob69zXtOLCSlcjaAkIJvvpZLzSyit4gpRJ	312	500	402	575	amstel_light	0.8936493992805481
2022_03_03_2kMRDfob69zXtOLCSlcjaAkIJvvpZLzSyit4gpRJ	223	489	268	551	modelo	0.30029767751693726
2022_01_12_5n9bHBezT78bsWijn3WTo8NgSWR2DTxovYBRaCZI	282	289	524	509	newport	0.9190406799316406
2022_01_12_5n9bHBezT78bsWijn3WTo8NgSWR2DTxovYBRaCZI	220	221	430	406	newport	0.8960931897163391
2022_01_12_5n9bHBezT78bsWijn3WTo8NgSWR2DTxovYBRaCZI	93	118	354	335	newport	0.7604532837867737
2022_03_18_SNcgzO58k6sFAxfUw8yxcPcz7Gq9MBosxSIMR9yv	241	254	367	388	stella	0.4591435194015503
2022_04_03_E83jEgsZbFM5yHH0aNSXjzocVgxSb3ddE006cVRI	21	380	215	566	michelob	0.8286094069480896
2022_02_20_UVx50bocrX182wQf3vMsWGaL5PyhL2Jcb1jHljz0	301	331	400	446	sprite	0.8951264023780823
2022_02_20_UVx50bocrX182wQf3vMsWGaL5PyhL2Jcb1jHljz0	398	84	570	211	heineken	0.8708301782608032
2022_02_20_UVx50bocrX182wQf3vMsWGaL5PyhL2Jcb1jHljz0	62	169	160	289	coca_cola	0.7961624264717102
2022_02_20_UVx50bocrX182wQf3vMsWGaL5PyhL2Jcb1jHljz0	287	472	412	579	corona	0.35710957646369934
2019_03_14_YocDzoIQrCfyakZ6khy6N7YHcR9wpqbYCoTZSMdh	460	397	525	487	starbucks	0.8940459489822388
2019_03_14_YocDzoIQrCfyakZ6khy6N7YHcR9wpqbYCoTZSMdh	128	195	208	286	coca_cola	0.6981781721115112
2019_03_14_YocDzoIQrCfyakZ6khy6N7YHcR9wpqbYCoTZSMdh	118	155	210	289	coca_cola	0.2684503495693207
2022_01_14_UZddULfBYgeIjs1EaQf41eIN9lFN5TgEi7omePhT	117	306	238	488	sprite	0.7897974252700806
2022_01_14_UZddULfBYgeIjs1EaQf41eIN9lFN5TgEi7omePhT	453	152	539	293	marlboro	0.41908180713653564
2022_02_18_M56mBcxR5PjQouINMQc4nfTLcLM41jf4EIEW5qI8	353	282	596	554	heineken	0.9678339958190918
2022_07_28_9g4FfPzjEscVJmGaUKJECZL54MNs3fzH1194PFUM	203	258	430	388	reeses	0.7627938985824585
2021_03_21_IMG_6038	205	240	430	431	deer_park	0.858988344669342
2021_04_21_IMG_2857	330	201	535	438	coors	0.8881767988204956
2022_03_03_sLfc0a0aypQcC9FxiMllCJopS24wL4erlwaAX8Ob	32	53	136	150	pepsi	0.9697420597076416
2022_03_03_sLfc0a0aypQcC9FxiMllCJopS24wL4erlwaAX8Ob	259	162	373	253	heineken	0.9404386281967163
2022_03_03_sLfc0a0aypQcC9FxiMllCJopS24wL4erlwaAX8Ob	268	460	354	579	bud_light	0.9271185994148254
2022_03_03_sLfc0a0aypQcC9FxiMllCJopS24wL4erlwaAX8Ob	537	252	590	326	heineken	0.6146616339683533
2021_12_24_IezMybAQ9KD43PCzivdDZmHNiZxGErCOL4AHb0ia	77	492	173	595	guinness	0.9459365606307983
2021_12_24_IezMybAQ9KD43PCzivdDZmHNiZxGErCOL4AHb0ia	218	478	323	580	guinness	0.9324821829795837
2021_12_24_IezMybAQ9KD43PCzivdDZmHNiZxGErCOL4AHb0ia	339	410	445	512	guinness	0.9287494421005249
2021_12_24_IezMybAQ9KD43PCzivdDZmHNiZxGErCOL4AHb0ia	420	131	540	182	marlboro	0.831392228603363
2021_12_24_IezMybAQ9KD43PCzivdDZmHNiZxGErCOL4AHb0ia	72	92	114	116	corona	0.5844932794570923
2021_12_24_IezMybAQ9KD43PCzivdDZmHNiZxGErCOL4AHb0ia	136	109	169	133	guinness	0.5686001181602478
2021_12_24_IezMybAQ9KD43PCzivdDZmHNiZxGErCOL4AHb0ia	242	117	282	146	guinness	0.3740403652191162
2021_12_24_IezMybAQ9KD43PCzivdDZmHNiZxGErCOL4AHb0ia	241	87	283	111	guinness	0.37285447120666504
2021_12_24_IezMybAQ9KD43PCzivdDZmHNiZxGErCOL4AHb0ia	180	93	220	118	guinness	0.37010833621025085
2021_12_24_IezMybAQ9KD43PCzivdDZmHNiZxGErCOL4AHb0ia	200	60	237	82	guinness	0.34978869557380676
2021_12_24_IezMybAQ9KD43PCzivdDZmHNiZxGErCOL4AHb0ia	87	46	126	72	bud_light	0.29563817381858826
2021_12_24_IezMybAQ9KD43PCzivdDZmHNiZxGErCOL4AHb0ia	87	45	126	73	michelob	0.27978506684303284
2021_12_24_IezMybAQ9KD43PCzivdDZmHNiZxGErCOL4AHb0ia	99	176	134	201	bud_light	0.2763715088367462
2021_12_24_IezMybAQ9KD43PCzivdDZmHNiZxGErCOL4AHb0ia	87	46	125	73	corona	0.2760588526725769
2021_12_24_IezMybAQ9KD43PCzivdDZmHNiZxGErCOL4AHb0ia	133	65	173	87	guinness	0.25547969341278076
2022_07_01_0G0E6JbwjrN76T7M7Uvwwhfo85zuxYcLhsfYryzF	260	256	402	398	fanta	0.9741061925888062
2022_01_01_qwvKDToS0fk9421KZAGFBzrPrmWGKH2yzpSBoExN	277	331	386	511	nestle_pure_life	0.842375636100769
2022_01_01_qwvKDToS0fk9421KZAGFBzrPrmWGKH2yzpSBoExN	481	131	577	341	nestle_pure_life	0.7908660173416138
2022_01_01_qwvKDToS0fk9421KZAGFBzrPrmWGKH2yzpSBoExN	277	330	386	511	deer_park	0.3787540793418884
2022_01_01_qwvKDToS0fk9421KZAGFBzrPrmWGKH2yzpSBoExN	71	254	236	489	powerade	0.25156357884407043
2021_12_24_UNWmmvNddx218mfnRP1S9fTpVqRwTouAEQg2ydjx	0	499	122	640	michelob	0.8828344941139221
2021_12_24_UNWmmvNddx218mfnRP1S9fTpVqRwTouAEQg2ydjx	152	229	289	360	corona	0.7071827054023743
2021_12_24_UNWmmvNddx218mfnRP1S9fTpVqRwTouAEQg2ydjx	351	246	498	422	corona	0.4943104088306427
2021_12_24_UNWmmvNddx218mfnRP1S9fTpVqRwTouAEQg2ydjx	309	0	449	112	amstel_light	0.48476487398147583
2021_12_24_UNWmmvNddx218mfnRP1S9fTpVqRwTouAEQg2ydjx	150	525	301	640	michelob	0.29106971621513367
2021_12_24_UNWmmvNddx218mfnRP1S9fTpVqRwTouAEQg2ydjx	506	207	638	392	modelo	0.26429325342178345
2021_12_24_UNWmmvNddx218mfnRP1S9fTpVqRwTouAEQg2ydjx	0	500	97	639	corona	0.2554214596748352
2022_07_01_zR5Eum1nKQ2smDb5pCaPXdsjVy2MXWr9mWW2haMM	83	87	189	191	gatorade	0.4538668096065521
2022_07_01_zR5Eum1nKQ2smDb5pCaPXdsjVy2MXWr9mWW2haMM	450	319	585	566	lays	0.35753291845321655
2022_07_01_zR5Eum1nKQ2smDb5pCaPXdsjVy2MXWr9mWW2haMM	83	88	185	159	gatorade	0.2954457700252533
2019_03_08_a14VERRZiS3D31Cg0ytZc1HV0cjy1wXXifrYfUSZ	236	285	350	460	coca_cola	0.5883113741874695
2022_06_12_febrCMskq1XFIvmfOkZZ04mSXPBfzIVrgtSzRO1Z	278	243	363	400	michelob	0.9509157538414001
2022_07_05_xrUQYOFMfqoYRv1xIFzIE5SvT7VuDRc2NbfRVsb5	208	224	434	417	dr_pepper	0.9333494305610657
2022_01_01_RlyJoyZ5NalFeL2w4YXPoAqIFYVPpHysCopmZLtJ	96	100	155	142	dunkin	0.7508256435394287
2022_01_01_RlyJoyZ5NalFeL2w4YXPoAqIFYVPpHysCopmZLtJ	96	100	154	141	coors	0.5252110362052917
112_dNfjIUj5NkyEyoyXoQCZRxx0ivhnUsBndM8Ao0ga	210	201	435	432	sprite	0.8799037337303162
2021_12_13_oYPILtIFIzNyqXItOeA0Q1jSwESFlHHM9CsIl9zy	273	458	483	552	modelo	0.6744604110717773
2021_12_13_oYPILtIFIzNyqXItOeA0Q1jSwESFlHHM9CsIl9zy	275	458	484	552	corona	0.4839853346347809
2022_03_03_mRWDqXje0syQr4S7EkY2hz3jHd9X9PM8gMtgWpPK	397	326	495	451	coca_cola	0.7474972009658813
2022_03_03_mRWDqXje0syQr4S7EkY2hz3jHd9X9PM8gMtgWpPK	159	198	307	340	coca_cola	0.6044946908950806
2022_03_03_mRWDqXje0syQr4S7EkY2hz3jHd9X9PM8gMtgWpPK	159	198	307	341	dunkin	0.5038177371025085
2022_03_03_mRWDqXje0syQr4S7EkY2hz3jHd9X9PM8gMtgWpPK	159	198	306	340	coors	0.2983326315879822
2020_08_28_da6eBEyUHwnfTeq94ZBqKGVSVbY1kWyVrBxp0vLk	212	201	493	410	mountain_dew	0.5660233497619629
2021_04_15_IMG_1289	0	17	37	87	corona	0.5166122317314148
2021_04_21_IMG_2734	249	224	336	398	doritos	0.3788602948188782
2021_04_21_IMG_2734	248	226	337	398	cheetos	0.3054813742637634
2022_03_05_nczq8JR3dD3iMiODjAAsrjkTmnEoJnqTRN4AXG4C	282	279	355	359	dr_pepper	0.8312059640884399
2022_03_05_nczq8JR3dD3iMiODjAAsrjkTmnEoJnqTRN4AXG4C	282	279	355	358	coca_cola	0.6539614200592041
2022_03_29_mA5NFBd6V5n4oVARjxSPohPEl0Rajefp2kxZ6hns	276	312	349	352	seven_eleven	0.7909190654754639
2022_02_15_YOHk8Bjn7C4lzCI9PRh5hrKSh11XHhRnB6i2c6Vw	45	128	478	490	snickers	0.8012589812278748
2022_02_18_JGoDjM9O6AIktJT8RnaQoIOW9ySzZ25zHVqrt12o	436	436	569	541	stella	0.9179289937019348
2022_02_18_JGoDjM9O6AIktJT8RnaQoIOW9ySzZ25zHVqrt12o	171	141	268	230	stella	0.8106743097305298
2022_06_07_yOKvL2PdhDvcZwnLTgpVnVmTRk8SQINW2ENgrk5j	102	115	155	218	miller_light	0.9166704416275024
2022_06_07_yOKvL2PdhDvcZwnLTgpVnVmTRk8SQINW2ENgrk5j	466	349	533	528	natural_light	0.7576932907104492
2022_03_29_g7aE7XSEd3iJ0Tu5xiG34VgPpKZnYoKM3CgiOK4P	256	529	350	596	heineken	0.9368053078651428
2022_03_29_g7aE7XSEd3iJ0Tu5xiG34VgPpKZnYoKM3CgiOK4P	337	427	433	495	heineken	0.9077428579330444
2022_03_29_g7aE7XSEd3iJ0Tu5xiG34VgPpKZnYoKM3CgiOK4P	150	541	241	606	heineken	0.8827341198921204
2022_03_29_g7aE7XSEd3iJ0Tu5xiG34VgPpKZnYoKM3CgiOK4P	306	296	343	343	dasani	0.801964521408081
2022_03_29_g7aE7XSEd3iJ0Tu5xiG34VgPpKZnYoKM3CgiOK4P	165	446	228	502	corona	0.5961557030677795
2022_02_21_qKZEanDZ5TbnBNkCUapZcf2mzqq5BIMZQuLT2Nrj	185	227	412	460	seven_eleven	0.8759142756462097
2019_10_12_wjmii01nCEy4YG90frGMF6dYexZrw4DfN0F2mBhs	291	296	350	341	seven_eleven	0.9619352221488953
2022_02_25_BI8EdsqxirsSNWXCAWaIv9FxytxxxDOTKEDeo672	42	171	96	273	burger_king	0.9247373938560486
2022_02_25_BI8EdsqxirsSNWXCAWaIv9FxytxxxDOTKEDeo672	54	379	88	448	burger_king	0.8148866891860962
2022_02_25_BI8EdsqxirsSNWXCAWaIv9FxytxxxDOTKEDeo672	514	78	596	173	dunkin	0.7290725708007812
2022_02_25_BI8EdsqxirsSNWXCAWaIv9FxytxxxDOTKEDeo672	151	386	185	424	mcdonalds	0.6439272165298462
2022_02_25_BI8EdsqxirsSNWXCAWaIv9FxytxxxDOTKEDeo672	298	373	335	438	heinz	0.5451874732971191
2022_02_25_BI8EdsqxirsSNWXCAWaIv9FxytxxxDOTKEDeo672	228	165	251	285	burger_king	0.5001145601272583
2022_02_25_BI8EdsqxirsSNWXCAWaIv9FxytxxxDOTKEDeo672	311	259	361	290	dunkin	0.4695568084716797
2022_02_25_BI8EdsqxirsSNWXCAWaIv9FxytxxxDOTKEDeo672	382	471	433	496	red_bull	0.4108979105949402
2022_02_25_BI8EdsqxirsSNWXCAWaIv9FxytxxxDOTKEDeo672	155	0	207	107	doritos	0.4007071852684021
2022_02_25_BI8EdsqxirsSNWXCAWaIv9FxytxxxDOTKEDeo672	227	165	251	285	dunkin	0.37300780415534973
2022_02_25_BI8EdsqxirsSNWXCAWaIv9FxytxxxDOTKEDeo672	493	270	507	292	guinness	0.3723631203174591
2022_02_25_BI8EdsqxirsSNWXCAWaIv9FxytxxxDOTKEDeo672	440	169	452	191	heineken	0.32282373309135437
2022_02_25_BI8EdsqxirsSNWXCAWaIv9FxytxxxDOTKEDeo672	197	365	213	429	red_bull	0.2571408450603485
2021_08_26_3RQsxHtqE2PwcbX0MXeCYQBk7A95N23xGw6HVF13	275	246	351	371	dasani	0.833793580532074
2022_02_21_K6MCZ4fnIQpPKLTlJEqQjRqEFI31TT2goiKEOk2z	266	251	374	373	gatorade	0.9554193615913391
2018_11_07_fYQjDxrluYUcpV5dAh9GAFTjtrOX6zIXE58IDB8k	131	402	269	523	nestle_pure_life	0.9041280746459961
2018_11_07_fYQjDxrluYUcpV5dAh9GAFTjtrOX6zIXE58IDB8k	446	111	482	168	kirkland	0.3385925889015198
2022_02_20_1M5HfsFJYHfiYguHHfcuBJGK1xQ4DCQmgy5RRRVC	122	393	229	526	pepsi	0.49599501490592957
2023_03_30_wEmV8Z3SlaKTgvxksBxZ3UAQCGi7D53fI2i382yS	47	116	229	539	burger_king	0.35734766721725464
2021_06_21_lRPJjdgOdLdxqUC9Z1eDi4ta6LgCuYimkGtTUMSn	202	238	398	390	powerade	0.6921413540840149
2021_06_21_lRPJjdgOdLdxqUC9Z1eDi4ta6LgCuYimkGtTUMSn	201	239	398	390	kirkland	0.6785262823104858
2022_07_18_0T1GAYxhIrlmcD8M8bnc0FKcNG9sl85OD3Aa0c5Q	149	296	521	418	newport	0.8595365881919861
2022_07_18_0T1GAYxhIrlmcD8M8bnc0FKcNG9sl85OD3Aa0c5Q	153	403	450	481	newport	0.6844121217727661
2021_07_15_IEr5Cf8JAma9WBDppvPnUPINPgwD7EwCyaAX4tWJ	93	165	204	295	heineken	0.8696423172950745
2019_03_18_AU1X8hL66D2T0Z3biI0zqc14GoQozZdKCITTf6TB	220	221	323	344	bud_light	0.7021241188049316
2019_03_18_AU1X8hL66D2T0Z3biI0zqc14GoQozZdKCITTf6TB	332	320	403	367	bud_light	0.4038635492324829
2022_03_29_kLzjakuPTwwkG4o17ru8DKKiq2rIzSMNxlYn7EXY	361	374	519	520	modelo	0.9313233494758606
2022_03_01_hxcBTRrWpt9GuVOdHSf9T8zbtK6RsYfQJfT53j8k	267	240	375	373	seven_eleven	0.9529156684875488
2021_07_27_gSuxzPcbFlQ3hvuFxuBwKXxSIiZdIYO09hKliUte	93	71	327	215	heineken	0.9113973379135132
2021_07_27_gSuxzPcbFlQ3hvuFxuBwKXxSIiZdIYO09hKliUte	84	304	155	388	kirkland	0.9028357267379761
2022_02_27_jdFFNBDN7VGArxU8obVYWOX84fzwoYISWw1VAZOl	383	221	504	322	deer_park	0.922652006149292
2022_02_27_jdFFNBDN7VGArxU8obVYWOX84fzwoYISWw1VAZOl	113	325	249	449	red_bull	0.9167683124542236
2022_08_23_QOT8CjlRWwjKcHaqpHk9VGUMf2UZRkNc1M8PrvCP	314	238	421	379	powerade	0.6723636388778687
2022_08_23_QOT8CjlRWwjKcHaqpHk9VGUMf2UZRkNc1M8PrvCP	315	235	421	379	kirkland	0.5163958668708801
2019_03_08_yPvrfhKq1mGeJ09uFgAgCv1EG1stHHQYxccHLvPG	136	141	493	474	snickers	0.7350441217422485
2019_09_24_vpNmNJXvpdKLxqO4XlrreyCEjCQzXUbklB0pAIPa	237	255	430	386	white_claw	0.40990930795669556
2022_07_01_Gpjz1fAY7P7vwqZdELPSfuPZCdIn46bb8QyF2bpI	355	463	402	488	great_value	0.46155306696891785
2022_07_01_Gpjz1fAY7P7vwqZdELPSfuPZCdIn46bb8QyF2bpI	229	137	268	170	great_value	0.2569394111633301
2019_09_23_cTtQkBCe1QsphrhIcJ6uknIbj6kQ1vjFybtvvzU1	247	242	390	393	newport	0.8525592684745789
2022_01_21_8TtS1ZJuITKJmFaQgnEFptTr8VDGsLFT8XOAIqq5	432	314	572	391	corona	0.9257133603096008
2022_01_21_8TtS1ZJuITKJmFaQgnEFptTr8VDGsLFT8XOAIqq5	119	271	227	348	bud_light	0.9052883982658386
2022_01_21_8TtS1ZJuITKJmFaQgnEFptTr8VDGsLFT8XOAIqq5	284	36	369	87	nestle_pure_life	0.26579564809799194
2019_10_12_oQesoMReg63e9MIZZ2wbVv4gnCmuboDFj9aX8Jn2	195	175	444	440	white_claw	0.9489122033119202
2020_08_28_20200828_184446	227	209	432	471	lays	0.41670891642570496
2022_02_15_ay15J7F2QjfR5dKRSAuq1FQJUg4eGYtvR1FvAV9A	455	387	507	422	marlboro	0.9509326815605164
2022_02_15_ay15J7F2QjfR5dKRSAuq1FQJUg4eGYtvR1FvAV9A	550	532	594	586	gatorade	0.8773847222328186
2021_12_23_gq11YlLqdDR9PIA14QvJADPu2Isd6l94lZ8uBeFj	97	90	163	143	coca_cola	0.9252597093582153
2021_12_23_gq11YlLqdDR9PIA14QvJADPu2Isd6l94lZ8uBeFj	29	460	65	591	corona	0.915187418460846
2021_12_23_gq11YlLqdDR9PIA14QvJADPu2Isd6l94lZ8uBeFj	440	407	493	478	bud_light	0.9092856049537659
2021_12_23_gq11YlLqdDR9PIA14QvJADPu2Isd6l94lZ8uBeFj	151	428	204	559	corona	0.8945479989051819
2021_12_23_gq11YlLqdDR9PIA14QvJADPu2Isd6l94lZ8uBeFj	560	315	607	431	corona	0.8943806290626526
2021_12_23_gq11YlLqdDR9PIA14QvJADPu2Isd6l94lZ8uBeFj	224	57	266	119	gatorade	0.8805240988731384
2021_12_23_gq11YlLqdDR9PIA14QvJADPu2Isd6l94lZ8uBeFj	214	427	269	559	corona	0.8784995675086975
2021_12_23_gq11YlLqdDR9PIA14QvJADPu2Isd6l94lZ8uBeFj	274	379	309	504	heineken	0.8306133151054382
2021_12_23_gq11YlLqdDR9PIA14QvJADPu2Isd6l94lZ8uBeFj	296	44	340	106	gatorade	0.803508996963501
2021_12_23_gq11YlLqdDR9PIA14QvJADPu2Isd6l94lZ8uBeFj	305	348	356	414	bud_light	0.7398090362548828
2021_12_23_gq11YlLqdDR9PIA14QvJADPu2Isd6l94lZ8uBeFj	372	429	439	494	bud_light	0.7270960807800293
2021_12_23_gq11YlLqdDR9PIA14QvJADPu2Isd6l94lZ8uBeFj	531	383	556	530	bud_light	0.6397100687026978
2021_12_23_gq11YlLqdDR9PIA14QvJADPu2Isd6l94lZ8uBeFj	492	59	563	188	monster	0.6375038623809814
2021_12_23_gq11YlLqdDR9PIA14QvJADPu2Isd6l94lZ8uBeFj	369	53	409	102	red_bull	0.6350569128990173
2021_12_23_gq11YlLqdDR9PIA14QvJADPu2Isd6l94lZ8uBeFj	493	159	561	185	monster	0.6116520166397095
2021_12_23_gq11YlLqdDR9PIA14QvJADPu2Isd6l94lZ8uBeFj	369	54	409	82	red_bull	0.53522127866745
2021_12_23_gq11YlLqdDR9PIA14QvJADPu2Isd6l94lZ8uBeFj	340	242	367	270	bud_light	0.4729403257369995
2021_12_23_gq11YlLqdDR9PIA14QvJADPu2Isd6l94lZ8uBeFj	445	283	472	316	bud_light	0.4333088994026184
2021_12_23_gq11YlLqdDR9PIA14QvJADPu2Isd6l94lZ8uBeFj	420	46	467	82	red_bull	0.37604573369026184
2021_12_23_gq11YlLqdDR9PIA14QvJADPu2Isd6l94lZ8uBeFj	68	464	109	594	corona	0.35367733240127563
2021_12_23_gq11YlLqdDR9PIA14QvJADPu2Isd6l94lZ8uBeFj	420	45	468	123	red_bull	0.3240790367126465
2018_08_20_2v8fGTHSdXzfn6rhb4EHScDKHtb7HxqNvvRMLYc3	219	326	276	380	gatorade	0.8468113541603088
2018_08_20_2v8fGTHSdXzfn6rhb4EHScDKHtb7HxqNvvRMLYc3	287	276	417	333	dasani	0.8396447896957397
2018_08_20_2v8fGTHSdXzfn6rhb4EHScDKHtb7HxqNvvRMLYc3	47	348	153	421	nestle_pure_life	0.8057601451873779
2022_03_30_niRCvTHTEarjgd68ePbW0TS2woJ5qcGYootOcAY0	255	268	369	363	cheetos	0.938468337059021
2021_12_16_cTJnOwsI10M89EKq966bidVqZzS9BhgdZwGUeYXL	457	318	493	369	corona	0.8752560615539551
2021_12_16_cTJnOwsI10M89EKq966bidVqZzS9BhgdZwGUeYXL	452	237	491	289	corona	0.872355580329895
2021_12_16_cTJnOwsI10M89EKq966bidVqZzS9BhgdZwGUeYXL	446	400	485	456	corona	0.8617939949035645
2021_12_16_cTJnOwsI10M89EKq966bidVqZzS9BhgdZwGUeYXL	444	141	482	195	corona	0.855771541595459
2021_12_16_cTJnOwsI10M89EKq966bidVqZzS9BhgdZwGUeYXL	388	256	424	305	heineken	0.8438661098480225
2021_12_16_cTJnOwsI10M89EKq966bidVqZzS9BhgdZwGUeYXL	505	312	540	363	corona	0.8426322340965271
2021_12_16_cTJnOwsI10M89EKq966bidVqZzS9BhgdZwGUeYXL	506	399	545	456	corona	0.8390995264053345
2021_12_16_cTJnOwsI10M89EKq966bidVqZzS9BhgdZwGUeYXL	499	218	535	273	corona	0.8284506797790527
2021_12_16_cTJnOwsI10M89EKq966bidVqZzS9BhgdZwGUeYXL	394	93	433	145	heineken	0.8269150853157043
2021_12_16_cTJnOwsI10M89EKq966bidVqZzS9BhgdZwGUeYXL	344	169	383	224	heineken	0.8200037479400635
2021_12_16_cTJnOwsI10M89EKq966bidVqZzS9BhgdZwGUeYXL	373	496	401	544	guinness	0.8146604895591736
2021_12_16_cTJnOwsI10M89EKq966bidVqZzS9BhgdZwGUeYXL	400	168	438	225	heineken	0.8103668689727783
2021_12_16_cTJnOwsI10M89EKq966bidVqZzS9BhgdZwGUeYXL	332	320	368	372	corona	0.7542058825492859
2021_12_16_cTJnOwsI10M89EKq966bidVqZzS9BhgdZwGUeYXL	334	241	371	295	heineken	0.7044262290000916
2021_12_16_cTJnOwsI10M89EKq966bidVqZzS9BhgdZwGUeYXL	332	409	376	471	heineken	0.6979293823242188
2021_12_16_cTJnOwsI10M89EKq966bidVqZzS9BhgdZwGUeYXL	390	328	427	377	heineken	0.68412846326828
2021_12_16_cTJnOwsI10M89EKq966bidVqZzS9BhgdZwGUeYXL	528	465	569	517	corona	0.6826961636543274
2021_12_16_cTJnOwsI10M89EKq966bidVqZzS9BhgdZwGUeYXL	340	94	380	149	corona	0.6819016337394714
2021_12_16_cTJnOwsI10M89EKq966bidVqZzS9BhgdZwGUeYXL	477	476	505	533	guinness	0.6642393469810486
2021_12_16_cTJnOwsI10M89EKq966bidVqZzS9BhgdZwGUeYXL	395	397	435	453	heineken	0.6281738877296448
2021_12_16_cTJnOwsI10M89EKq966bidVqZzS9BhgdZwGUeYXL	544	156	578	202	corona	0.6165138483047485
2021_12_16_cTJnOwsI10M89EKq966bidVqZzS9BhgdZwGUeYXL	553	225	593	284	guinness	0.45518866181373596
2021_12_16_cTJnOwsI10M89EKq966bidVqZzS9BhgdZwGUeYXL	332	320	368	372	michelob	0.3355271816253662
2021_12_16_cTJnOwsI10M89EKq966bidVqZzS9BhgdZwGUeYXL	554	309	591	365	guinness	0.30212095379829407
2021_12_16_cTJnOwsI10M89EKq966bidVqZzS9BhgdZwGUeYXL	332	322	368	372	heineken	0.28151535987854004
2021_12_16_cTJnOwsI10M89EKq966bidVqZzS9BhgdZwGUeYXL	555	308	592	365	corona	0.2690276801586151
2021_12_16_cTJnOwsI10M89EKq966bidVqZzS9BhgdZwGUeYXL	342	97	379	149	heineken	0.2502213418483734
2022_07_20_QG6bmloMkbKDozNgwL4HoTveZC1T7ZUERq3UGImB	221	194	397	372	pepsi	0.8272099494934082
2022_07_20_QG6bmloMkbKDozNgwL4HoTveZC1T7ZUERq3UGImB	221	188	416	451	pepsi	0.7649245858192444
2022_05_01_gGk8Xiz9H0Iq5JIfiqeKtssayqBlUguNnFt2c7Yy	196	449	380	596	modelo	0.8477704524993896
2022_05_01_gGk8Xiz9H0Iq5JIfiqeKtssayqBlUguNnFt2c7Yy	513	50	589	116	corona	0.8360314965248108
2021_08_26_EjhqOn8vC4gEZRIuQQyYtAhkRUI4UspOm68LBdDi	252	216	375	403	dasani	0.5220903754234314
2021_08_26_EjhqOn8vC4gEZRIuQQyYtAhkRUI4UspOm68LBdDi	0	254	20	354	sprite	0.36287978291511536
2021_08_26_EjhqOn8vC4gEZRIuQQyYtAhkRUI4UspOm68LBdDi	220	212	392	408	dasani	0.272444486618042
2022_09_06_GDP6L8rKo4GEKESfagpK4DQ3XjcPoqbgXtsHXjn8	143	133	494	441	doritos	0.9860240817070007
2020_08_28_20200828_184440	195	205	446	443	dr_pepper	0.909176230430603
2022_07_07_1iD4SQPDRb6nBNGt9TEyT5yJAKFw6EIZ37YB3Pp8	261	245	367	392	kirkland	0.9529069066047668
2022_07_01_eVQE9iGoPEec5Wq3l9tCkfIDDgusokUeyRIHjNf5	127	339	277	433	coca_cola	0.8462418913841248
2022_07_01_eVQE9iGoPEec5Wq3l9tCkfIDDgusokUeyRIHjNf5	440	162	527	234	modelo	0.32231128215789795
2021_03_29_CCBD3925-9C81-434D-8C12-213B3D7FCC3D	254	271	370	375	marlboro	0.8935247659683228
2022_07_27_eHRPXTy1g5A6MQXe6xAcDm1lThjX8XC1etGhgqT2	268	282	358	356	aquafina	0.7007044553756714
2022_01_17_SFEQr1n1XsC33cohvvzTYG9In1IKQcMfwWqjnJkG	114	183	352	595	corona	0.9920449256896973
2022_01_17_SFEQr1n1XsC33cohvvzTYG9In1IKQcMfwWqjnJkG	413	189	531	404	mcdonalds	0.9576565623283386
2022_04_27_olN7fhlTg1uJwuO60jQEusdKrm8uZ14Cz1O0nVRN	241	230	390	406	kirkland	0.9440745115280151
2022_02_27_dUO2ylSE1Eg8U82LBo3A6w6fu8AfhdKmxyYmt25o	63	524	121	596	sprite	0.8577578663825989
2022_02_27_dUO2ylSE1Eg8U82LBo3A6w6fu8AfhdKmxyYmt25o	361	241	424	285	deer_park	0.8186801075935364
2022_02_27_dUO2ylSE1Eg8U82LBo3A6w6fu8AfhdKmxyYmt25o	143	77	228	162	marlboro	0.3453381061553955
2022_03_04_WwD8q3bzwgbFzZWyCHfX3bCwvw97eCqjrxymXUmR	202	212	436	429	seven_eleven	0.9711701273918152
2022_01_12_JIRbMQkISvPfA0eREruQ8PfVEp2QSUKQr9W9eIET	115	55	205	148	aquafina	0.684372067451477
2022_07_01_NDTebQQLfa0GczKWcwUaW4c05ckY7pJGjg7DHzze	293	215	396	450	bud_light	0.44856178760528564
2020_02_01_f5UI1vw6c06lgApVV7fzAMnBHlLTVaZmyRLDdGdf	264	218	375	428	reeses	0.4687803089618683
2022_03_01_m44IFsdhYoSVozjtLhe72k4L8n0Izu3ZzjPwqRie	489	525	608	595	pepsi	0.9385656714439392
2022_03_01_m44IFsdhYoSVozjtLhe72k4L8n0Izu3ZzjPwqRie	513	86	549	126	kirkland	0.8719208240509033
2022_03_01_m44IFsdhYoSVozjtLhe72k4L8n0Izu3ZzjPwqRie	355	399	428	460	mcdonalds	0.8643301725387573
2022_03_01_m44IFsdhYoSVozjtLhe72k4L8n0Izu3ZzjPwqRie	92	60	141	123	kirkland	0.49984443187713623
2021_05_30_IMG_9577	140	292	288	537	natural_light	0.7877331376075745
2021_05_30_IMG_9577	392	158	533	412	heineken	0.7632172703742981
2021_05_30_IMG_9577	266	300	374	338	newport	0.5938909649848938
2022_02_17_hiQ90XzJXejNJla2JiKl4VjgAJfoYGAmCHUWz1rG	228	264	414	379	coca_cola	0.953833818435669
2022_02_17_hiQ90XzJXejNJla2JiKl4VjgAJfoYGAmCHUWz1rG	261	0	386	119	coca_cola	0.679070234298706
